"Facility Name","Provider Number",City,"Total Performance Score","PY2020 Payment Reduction Percentage","Ownership as of December 31, 2018"
"CHILDRENS HOSPITAL DIALYSIS",12306,BIRMINGHAM,35,1.50%,"NOT A CHAIN"
"FMC CAPITOL CITY",12500,MONTGOMERY,43,1.00%,"FRESENIUS MEDICAL CARE"
"GADSDEN DIALYSIS",12501,GADSDEN,42,1.00%,DAVITA
"TUSCALOOSA UNIVERSITY DIALYSIS",12502,TUSCALOOSA,54,0.50%,DAVITA
"PCD MONTGOMERY",12505,MONTGOMERY,62,0.00%,DAVITA
"DOTHAN DIALYSIS",12506,DOTHAN,79,0.00%,DAVITA
"FMC MOBILE",12507,MOBILE,62,0.00%,"FRESENIUS MEDICAL CARE"
"BIRMINGHAM EAST DIALYSIS",12508,BIRMINGHAM,45,1.00%,DAVITA
"FMC NORTH ALABAMA",12509,HUNTSVILLE,77,0.00%,"FRESENIUS MEDICAL CARE"
"FMC SELMA",12512,SELMA,54,0.50%,"FRESENIUS MEDICAL CARE"
"FMC LANGDALE",12513,VALLEY,75,0.00%,"FRESENIUS MEDICAL CARE"
"FMC OPELIKA",12515,OPELIKA,82,0.00%,"FRESENIUS MEDICAL CARE"
"DSI SOUTH DIALYSIS",12516,BIRMINGHAM,62,0.00%,"DIVERSIFIED SPECIALTY INSTITUTES (DSI)"
"DVA HEALTHCARE RENAL CARE INC",12517,ATHENS,53,0.50%,DAVITA
"FMC SCOTTSBORO",12519,SCOTTSBORO,64,0.00%,"FRESENIUS MEDICAL CARE"
"FMC TROY",12520,TROY,63,0.00%,"FRESENIUS MEDICAL CARE"
"DCI DOTHAN",12521,DOTHAN,65,0.00%,"DIALYSIS CLINIC, INC."
"FMC HUNTSVILLE",12522,HUNTSVILLE,57,0.50%,"FRESENIUS MEDICAL CARE"
"PHENIX CITY DIALYSIS",12523,"PHENIX CITY",64,0.00%,DAVITA
"FMC EAST MOBILE",12524,MOBILE,36,1.50%,"FRESENIUS MEDICAL CARE"
"FMC WEST MOBILE",12525,MOBILE,69,0.00%,"FRESENIUS MEDICAL CARE"
"RCG PRINCETON",12526,BIRMINGHAM,41,1.00%,"FRESENIUS MEDICAL CARE"
"DCI ENTERPRISE",12527,ENTERPRISE,68,0.00%,"DIALYSIS CLINIC, INC."
"FMC CAHABA VALLEY",12528,PELHAM,78,0.00%,"FRESENIUS MEDICAL CARE"
"FLORENCE DIALYSIS",12529,FLORENCE,62,0.00%,DAVITA
"RAI EAST 11TH ST ANNISTON",12530,ANNISTON,64,0.00%,"NOT A CHAIN"
"FMC JACKSON (TOMBIGBEE)",12531,JACKSON,69,0.00%,"FRESENIUS MEDICAL CARE"
"DCI EUFAULA",12532,EUFAULA,88,0.00%,"DIALYSIS CLINIC, INC."
"WALKER COUNTY DIALYSIS",12533,JASPER,44,1.00%,DAVITA
"BESSEMER KIDNEY CENTER",12534,BESSEMER,69,0.00%,"FRESENIUS MEDICAL CARE"
"PCD PRATTVILLE",12535,PRATTVILLE,52,0.50%,DAVITA
"FMC MONTCLAIR",12536,BIRMINGHAM,75,0.00%,"FRESENIUS MEDICAL CARE"
"FMC PRICHARD",12537,WHISTLER,61,0.00%,"FRESENIUS MEDICAL CARE"
"RCG ANDALUSIA",12538,ANDALUSIA,53,0.50%,"FRESENIUS MEDICAL CARE"
"FMC MONROEVILLE (WHETSTONE)",12540,MONROEVILLE,67,0.00%,"FRESENIUS MEDICAL CARE"
"FMC DADEVILLE",12541,DADEVILLE,84,0.00%,"FRESENIUS MEDICAL CARE"
"RAINBOW CITY DIALYSIS",12542,"RAINBOW CITY",69,0.00%,"GAMBRO HEALTHCARE"
"DEMOPOLIS DIALYSIS",12543,DEMOPOLIS,67,0.00%,DAVITA
"OZARK DIALYSIS",12544,OZARK,70,0.00%,DAVITA
"TUSCALOOSA DIALYSIS",12545,TUSCALOOSA,37,1.50%,DAVITA
"FMC TUSKEGEE",12546,TUSKEGEE,73,0.00%,"FRESENIUS MEDICAL CARE"
"FMC EASTERN SHORE",12547,FAIRHOPE,72,0.00%,"FRESENIUS MEDICAL CARE"
"FAYETTE DIALYSIS",12548,FAYETTE,66,0.00%,DAVITA
"BIO-MEDICAL APPLICATIONS OF ALABAMA INC.",12549,BREWTON,50,0.50%,"FRESENIUS MEDICAL CARE"
"GREENE COUNTY DIALYSIS",12550,EUTAW,58,0.50%,DAVITA
"SHEFFIELD DIALYSIS",12551,SHEFFIELD,67,0.00%,DAVITA
"BIO-MEDICAL APPLICATIONS OF ALABAMA INC",12552,MOBILE,61,0.00%,"FRESENIUS MEDICAL CARE"
"PCD ELMORE COUNTY",12553,WETUMPKA,57,0.50%,DAVITA
"NNA OF ALABAMA, INC",12556,"PELL CITY",78,0.00%,"FRESENIUS MEDICAL CARE"
"DCI DECATUR",12558,DECATUR,72,0.00%,"DIALYSIS CLINIC, INC."
"FMC UNIVERSITY SOUTH ALABAMA",12559,MOBILE,51,0.50%,"FRESENIUS MEDICAL CARE"
"FMC LAKEVIEW",12561,GUNTERSVILLE,61,0.00%,"FRESENIUS MEDICAL CARE"
"DCI PELL CITY",12562,"PELL CITY",89,0.00%,"DIALYSIS CLINIC, INC."
"DCI CULLMAN",12563,CULLMAN,82,0.00%,"DIALYSIS CLINIC, INC."
"SOUTH BALDWIN DIALYSIS CENTER",12565,FOLEY,72,0.00%,DAVITA
"FMC SYLACAUGA",12566,SYLACAUGA,67,0.00%,"FRESENIUS MEDICAL CARE"
"FMC PARKWAY",12568,HUNTSVILLE,72,0.00%,"FRESENIUS MEDICAL CARE"
"NORTHPORT DIALYSIS",12570,NORTHPORT,50,0.50%,DAVITA
"DCI GEORGIANA",12571,GEORGIANA,78,0.00%,"DIALYSIS CLINIC, INC."
"FMC CAMELLIA",12572,GREENVILLE,44,1.00%,"FRESENIUS MEDICAL CARE"
"DCI BIRMINGHAM",12573,BIRMINGHAM,72,0.00%,"DIALYSIS CLINIC, INC."
"FMC CHAMBERS",12574,LAFAYETTE,83,0.00%,"FRESENIUS MEDICAL CARE"
"RCG WALKER",12575,JASPER,44,1.00%,"FRESENIUS MEDICAL CARE"
"DCI MONTGOMERY",12576,MONTGOMERY,48,1.00%,"DIALYSIS CLINIC, INC."
"RCG SOUTHSIDE",12578,BIRMINGHAM,36,1.50%,"FRESENIUS MEDICAL CARE"
"FMC DAUPHIN ISLAND PKWY",12579,MOBILE,52,0.50%,"FRESENIUS MEDICAL CARE"
"FMC THOMASVILLE",12580,THOMASVILLE,46,1.00%,"FRESENIUS MEDICAL CARE"
"FMC WILCOX",12582,CAMDEN,88,0.00%,"FRESENIUS MEDICAL CARE"
"BESSEMER DIALYSIS",12583,BESSEMER,54,0.50%,DAVITA
"ENSLEY DIALYSIS",12585,BIRMINGHAM,52,0.50%,DAVITA
"SYLACAUGA DIALYSIS",12588,SYLACAUGA,42,1.00%,DAVITA
"BIRMINGHAM NORTH DIALYSIS",12589,BIRMINGHAM,52,0.50%,DAVITA
"DCI MOULTON",12590,MOULTON,56,0.50%,"DIALYSIS CLINIC, INC."
"FMC SHELBY",12591,ALABASTER,61,0.00%,"FRESENIUS MEDICAL CARE"
"BIRMINGHAM CENTRAL DIALYSIS",12592,BIRMINGHAM,45,1.00%,DAVITA
"FMC ODYSSEY DIALYSIS",12593,MADISON,60,0.00%,"FRESENIUS MEDICAL CARE"
"BOAZ DIALYSIS",12594,BOAZ,73,0.00%,DAVITA
"RCG FORT PAYNE",12595,"FORT PAYNE",90,0.00%,"FRESENIUS MEDICAL CARE"
"FKC MONTGOMERY",12596,MONTGOMERY,39,1.00%,"FRESENIUS MEDICAL CARE"
"FMC BAY MINETTE",12597,"BAY MINETTE",57,0.50%,"FRESENIUS MEDICAL CARE"
"DCI PHENIX CITY",12598,"PHENIX CITY",83,0.00%,"DIALYSIS CLINIC, INC."
"FMC PORT CITY",12599,MOBILE,48,1.00%,"FRESENIUS MEDICAL CARE"
"ATMORE DIALYSIS CENTER",12600,ATMORE,48,1.00%,DAVITA
"FMC WEST",12601,BIRMINGHAM,53,0.50%,"FRESENIUS MEDICAL CARE"
"RUSSELLVILLE DIALYSIS",12602,RUSSELLVILLE,64,0.00%,"GAMBRO HEALTHCARE"
"FMC FAIRFIELD (STEEL CITY)",12603,FAIRFIELD,65,0.00%,"RENAL CARE GROUP INC."
"RCG CLANTON",12604,CLANTON,76,0.00%,"FRESENIUS MEDICAL CARE"
"FMC CHASE",12606,HUNTSVILLE,46,1.00%,"FRESENIUS MEDICAL CARE"
"ROANOKE DIALYSIS CLINIC",12607,ROANOKE,92,0.00%,"FRESENIUS MEDICAL CARE"
"RCG ONEONTA",12608,ONEONTA,89,0.00%,"FRESENIUS MEDICAL CARE"
"EUFAULA DIALYSIS",12609,EUFAULA,87,0.00%,DAVITA
"FMC MAGNOLIA",12610,SEMMES,57,0.50%,"FRESENIUS MEDICAL CARE"
"FMC DALLAS COUNTY",12611,SELMA,73,0.00%,"FRESENIUS MEDICAL CARE"
"FMC GARDENDALE",12612,GARDENDALE,63,0.00%,"FRESENIUS MEDICAL CARE"
"FMC DISCOVERY",12613,HUNTSVILLE,72,0.00%,"FRESENIUS MEDICAL CARE"
"FMC VALLEY CREEK",12614,SELMA,55,0.50%,"FRESENIUS MEDICAL CARE"
"FMC AUBURN",12615,AUBURN,70,0.00%,"FRESENIUS MEDICAL CARE"
"LANDMARK DIALYSIS",12616,TALLADEGA,51,0.50%,"FRESENIUS MEDICAL CARE"
"FMC ALEXANDER CITY",12617,"ALEXANDER CITY",84,0.00%,"FRESENIUS MEDICAL CARE"
"RRC NORTHRIDGE",12618,NORTHPORT,33,1.50%,"NOT A CHAIN"
"TUSCALOOSA NEPHROLOGY ASSOC HOME DIALYSIS",12619,TUSCALOOSA,78,0.00%,"NOT A CHAIN"
"HOME DIALYSIS OF NORTH ALABAMA",12620,DECATUR,43,1.00%,"NOT A CHAIN"
"RAI-SNOW ST-OXFORD",12621,OXFORD,39,1.00%,"FRESENIUS MEDICAL CARE"
"DAVITA TALLADEGA",12622,TALLADEGA,76,0.00%,DAVITA
"DAVITA CENTER POINT DIALYSIS",12623,"CENTER POINT",66,0.00%,DAVITA
"FMC MIDFIELD DIALYSIS",12624,BIRMINGHAM,75,0.00%,"FRESENIUS MEDICAL CARE"
"RAI JACKSONVILLE",12625,JACKSONVILLE,59,0.00%,"FRESENIUS MEDICAL CARE"
"FMC NORTHWEST ALABAMA KIDNEY CENTER",12626,WINFIELD,71,0.00%,"FRESENIUS MEDICAL CARE"
"HOME DIALYSIS OPTIONS OF BALDWIN COUNTY",12627,DAPHNE,61,0.00%,DAVITA
"OPELIKA DIALYSIS CENTER",12628,OPELIKA,65,0.00%,DAVITA
"DAVITA RENAISSANCE",12629,FLORENCE,72,0.00%,DAVITA
"DAVITA WIREGRASS KIDNEY CENTER",12630,DOTHAN,62,0.00%,DAVITA
"GULF SHORES DIALYSIS CENTER",12631,"GULF SHORES",94,0.00%,DAVITA
"MUSCLE SHOALS DIALYSIS",12632,"MUSCLE SHOALS",63,0.00%,DAVITA
"FMC PRATTVILLE",12633,PRATTVILLE,47,1.00%,"FRESENIUS MEDICAL CARE"
"FMC FOLEY",12634,FOLEY,67,0.00%,"FRESENIUS MEDICAL CARE"
"FMC JAGUAR",12636,MOBILE,43,1.00%,"FRESENIUS MEDICAL CARE"
"DCI HIGHLAND PARK",12637,MONTGOMERY,47,1.00%,"DIALYSIS CLINIC, INC."
"FMC HOOVER",12638,HOOVER,85,0.00%,"FRESENIUS MEDICAL CARE"
"FMC MONTEVALLO",12639,MONTEVALLO,52,0.50%,"FRESENIUS MEDICAL CARE"
"PICKENS COUNTY DIALYSIS",12640,CARROLLTON,65,0.00%,DAVITA
"DCI EVERGREEN",12641,EVERGREEN,74,0.00%,"DIALYSIS CLINIC, INC."
"DAVITA ENTERPRISE",12642,ENTERPRISE,64,0.00%,DAVITA
"ENDEAVOR DIALYSIS",12643,HUNTSVILLE,80,0.00%,"FRESENIUS MEDICAL CARE"
"JEWEL DIALYSIS",12644,BESSEMER,39,1.00%,DAVITA
"MAGIC CITY DIALYSIS",12645,BIRMINGHAM,67,0.00%,DAVITA
"STEEL CITY DIALYSIS",12646,BIRMINGHAM,91,0.00%,DAVITA
"CROWN DIALYSIS",12647,BIRMINGHAM,62,0.00%,DAVITA
"FRESENIUS KIDNEY CARE GADSDEN ACQ, LLC",12648,GADSDEN,49,0.50%,"FRESENIUS MEDICAL CARE"
"FRESENIUS KIDNEY CARE UNION SPRINGS, LLC",12649,"UNION SPRINGS",48,1.00%,"FRESENIUS MEDICAL CARE"
"RENAL TREATMENT CENTERS SOUTHEAST LP",12650,ATHENS,70,0.00%,DAVITA
"FMC FORESTDALE",12651,BIRMINGHAM,44,1.00%,"FRESENIUS MEDICAL CARE"
"LEEDS DIALYSIS",12652,LEEDS,89,0.00%,DAVITA
"FRESENIUS KIDNEY CARE PHENIX CITY, LLC",12653,"PHENIX CITY",58,0.50%,"NOT A CHAIN"
"BIO-MEDICAL APPLICATIONS OF ALABAMA",12654,MONTGOMERY,51,0.50%,"FRESENIUS MEDICAL CARE"
"RENAL TREATMENT CENTERS SOUTHEAST LP",12655,ANDALUSIA,88,0.00%,"RTC-SOUTHEAST, LP"
"DCI MITYLENE PARK",12656,MONTGOMERY,67,0.00%,"DIALYSIS CLINIC, INC."
"FRESENIUS MEDICAL CARE BIRMINGHAM HOME, LLC",12657,BIRMINGHAM,45,1.00%,"FRESENIUS MEDICAL CARE"
"RENAL TREATMENT CENTERS SOUTHEAST LP",12658,SPRINGVILLE,57,0.50%,DAVITA
"BIO-MEDICAL APPLICATIONS OF ALABAMA, INC.",12659,BIRMINGHAM,61,0.00%,"FRESENIUS MEDICAL CARE"
"FRESENIUS KIDNEY CARE ATTALLA, LLC",12660,ATTALLA,67,0.00%,"FRESENIUS MEDICAL CARE"
"RTC-SOUTHEAST, LP",12661,GADSDEN,67,0.00%,DAVITA
"FRESENIUS MEDICAL CARE",12662,MONTGOMERY,71,0.00%,"FRESENIUS MEDICAL CARE"
"RENAL TREATMENT CENTERS SOUTHEAST LP",12663,MARION,67,0.00%,DAVITA
"BIO-MEDICAL APPLICATIONS OF ALABAMA, INC.",12664,"GRAND BAY",61,0.00%,"FRESENIUS MEDICAL CARE"
"RENAL TREATMENT CENTERS SOUTHEAST, LP",12665,BREWTON,66,0.00%,DAVITA
"RTC-SOUTHEAST, LP",12666,ANNISTON,80,0.00%,DAVITA
"BIO MEDICAL APPLICATIONS OF ALABAMA, INC.",12667,FAIRHOPE,85,0.00%,"FRESENIUS MEDICAL CARE"
"BAGBY DIALYSIS, LLC",12668,ABBEVILLE,69,0.00%,DAVITA
"FARRAGUT DIALYSIS, INC",12669,MONTGOMERY,31,1.50%,DAVITA
"DVA RENAL HEALTHCARE INC",12670,BIRMINGHAM,54,0.50%,DAVITA
"FRESENIUS MEDICAL CARE HUNTSVILLE HOME, LLC",12671,HUNTSVILLE,65,0.00%,"FRESENIUS MEDICAL CARE"
"FRESENIUS MEDICAL CARE WEST MADISON, LLC",12672,MADISON,52,0.50%,"FRESENIUS MEDICAL CARE"
"CURECANTI DIALYSIS LLC",12673,DOTHAN,39,1.00%,DAVITA
"BIO MEDICAL APPLICATIONS OF ALABAMA, INC",12674,BRUNDIDGE,79,0.00%,"FRESENIUS MEDICAL CARE"
"RENAL TREATMENT CENTERS SOUTHEAST, LP",12676,BIRMINGHAM,59,0.00%,DAVITA
"DIALYSIS CLINIC, INC",12677,GENEVA,92,0.00%,"DIALYSIS CLINIC, INC."
"FRESENIUS MEDICAL CARE MCCALLA, LLC",12678,BESSEMER,54,0.50%,"FRESENIUS MEDICAL CARE"
"RENAL TREATMENT CENTERS SOUTHEAST, LP",12679,DEMOPOLIS,73,0.00%,DAVITA
"BIO-MEDICAL APPLICATIONS OF ALABAMA",12680,TALLASSEE,74,0.00%,"FRESENIUS MEDICAL CARE"
"BIO-MEDICAL APPLICATIONS OF ALABAMA, INC",12681,MERIDIANVILLE,62,0.00%,"FRESENIUS MEDICAL CARE"
"BIO-MEDICAL APPLICATIONS OF ALABAMA, INC.",12682,ANNISTON,57,0.50%,"FRESENIUS MEDICAL CARE"
"FRESENIUS MEDICAL CARE ALBERTVILLE, LLC",12684,ALBERTVILLE,64,0.00%,"FRESENIUS MEDICAL CARE"
"SPREWELL DIALYSIS, LLC",12685,ANNISTON,94,0.00%,DAVITA
"FRESENIUS MEDICAL CARE ANNISTON HOME, LLC",12686,ANNISTON,67,0.00%,"FRESENIUS MEDICAL CARE"
"BIO-MEDICAL APPLICATIONS OF ALABAMA, INC",12687,BIRMINGHAM,69,0.00%,"FRESENIUS MEDICAL CARE"
"FRESENIUS MEDICAL CARE TRUSSVILLE, LLC",12688,BIRMINGHAM,44,1.00%,"FRESENIUS MEDICAL CARE"
"BIO MEDICAL APPLICATIONS OF ALABAMA INC",12690,DOTHAN,83,0.00%,"FRESENIUS MEDICAL CARE"
"BIO MEDICAL APPLICATIONS OF ALABAMA INC",12692,DECATUR,61,0.00%,"FRESENIUS MEDICAL CARE"
"RENAL TREATMENT CENTERS SOUTHEAST, LP",12693,TRUSSVILLE,63,0.00%,DAVITA
"RENAL TREATMENT CENTERS SOUTHEAST LP",12694,CULLMAN,95,0.00%,DAVITA
"BIO MEDICAL APPLICATIONS OF ALABAMA",12695,HUNTSVILLE,61,0.00%,"FRESENIUS MEDICAL CARE"
"BIO-MEDICAL APPLICATIONS OF ALABAMA",12696,SARALAND,75,0.00%,"FRESENIUS MEDICAL CARE"
"RENAL TREATMENT CENTERS SOUTHEAST LP",12697,EUFAULA,75,0.00%,DAVITA
"PHYSICIANS CHOICE DIALYSIS OF LUVERNE",12698,LUVERNE,12,2.00%,OTHER
"DIALYSIS SERVICES OF DECATUR, LLC",12699,DECATUR,75,0.00%,"DIALYSIS CLINIC, INC."
"CHEROKEE COMMUNITY DIALYSIS, LLC",12702,CENTRE,60,0.00%,"NOT A CHAIN"
"FMC ANCHORAGE",22500,ANCHORAGE,66,0.00%,"RENAL CARE GROUP INC."
"FMC FAIRBANKS",22502,FAIRBANKS,77,0.00%,"FRESENIUS MEDICAL CARE"
"FMC WASILLA",22503,WASILLA,83,0.00%,"RENAL CARE GROUP INC."
"REIFENSTEIN DIALYSIS CENTER",22504,JUNEAU,87,0.00%,"RENAL CARE GROUP INC."
"LIBERTY DIALYSIS - ALASKA LLC",22506,ANCHORAGE,78,0.00%,"NOT A CHAIN"
"FMC COOK INLET",22507,ANCHORAGE,81,0.00%,"FRESENIUS MEDICAL CARE"
"FMC SOLDOTNA",22508,SOLDOTNA,84,0.00%,"FRESENIUS MEDICAL CARE"
"DENALI DIALYSIS CENTER",22509,ANCHORAGE,78,0.00%,OTHER
"TUDOR DIALYSIS",22510,ANCHORAGE,61,0.00%,"FRESENIUS MEDICAL CARE"
"032302 MARICOPA MEDICAL CTR - DIALYSIS",32302,PHOENIX,78,0.00%,"NOT A CHAIN"
"032314 PHOENIX CHILDRENS HOSPITAL- DIALYSIS CENTER",32314,PHOENIX,62,0.00%,"NOT A CHAIN"
"032315 GILA RIVER DIALYSIS EAST",32315,SACATON,76,0.00%,"NOT A CHAIN"
"032316 BANNER UNIVERSITY MEDICAL CENTER PEDIATRIC OUTPATI",32316,TUCSON,0,2.00%,"NOT A CHAIN"
"032500 TUCSON WEST DIALYSIS (DVA)",32500,TUCSON,62,0.00%,DAVITA
"032501 TUCSON EAST DIALYSIS (DVA)",32501,TUCSON,54,0.50%,DAVITA
"032502 YUMA DIALYSIS (DVA)",32502,YUMA,71,0.00%,DAVITA
"032503 PHOENIX ARTIFICIAL KIDNEY CENTER (FMC)",32503,PEORIA,73,0.00%,"FRESENIUS MEDICAL CARE"
"032506 TUBA CITY DIALYSIS UNIT (DVA)",32506,"TUBA CITY",55,0.50%,DAVITA
"032508 SOUTH PHOENIX DIALYSIS SERVICES (FMC)",32508,PHOENIX,59,0.00%,"FRESENIUS MEDICAL CARE"
"032509 EAST VALLEY DIALYSIS (FMC)",32509,MESA,54,0.50%,"FRESENIUS MEDICAL CARE"
"032513 SELLS DIALYSIS (DVA)",32513,SELLS,67,0.00%,DAVITA
"032514 DESERT DIALYSIS CENTER (DCI)",32514,TUCSON,56,0.50%,"DIALYSIS CLINIC, INC."
"032516 CHANDLER DIALYSIS (FMC)",32516,CHANDLER,51,0.50%,"RENAL CARE GROUP INC."
"032517 CENTRAL PHX DIALYSIS (FMC)",32517,PHOENIX,48,1.00%,"FRESENIUS MEDICAL CARE"
"032518 FOUR CORNERS DIALYSIS CLINIC CHINLE (DVA)",32518,CHINLE,56,0.50%,DAVITA
"032520 SIERRA VISTA DIALYSIS (DVA)",32520,"SIERRA VISTA",42,1.00%,DAVITA
"032521 DIALYSIS CENTER OF GLENDALE (FMC)",32521,GLENDALE,52,0.50%,"FRESENIUS MEDICAL CARE"
"032522 PARKER DIALYSIS CENTER (FMC)",32522,PARKER,69,0.00%,"FRESENIUS MEDICAL CARE"
"032523 PRESCOTT DIALYSIS (DVA)",32523,PRESCOTT,62,0.00%,DAVITA
"032524 FLAGSTAFF DIALYSIS CENTER (FMC)",32524,FLAGSTAFF,68,0.00%,"FRESENIUS MEDICAL CARE"
"032525 DESERT MOUNTAIN DIALYSIS (DVA)",32525,SCOTTSDALE,65,0.00%,DAVITA
"032526 SOUTHWEST MESA DIALYSIS (DSI)",32526,MESA,72,0.00%,"NATIONAL RENAL INSTITUTES"
"032528 THUNDERBIRD DIALYSIS (FMC)",32528,GLENDALE,75,0.00%,"RENAL CARE GROUP INC."
"032530 DESERT VALLEY DIALYSIS (FMC)",32530,PHOENIX,59,0.00%,"FRESENIUS MEDICAL CARE"
"032533 GLOBE DIALYSIS (FMC)",32533,MIAMI,81,0.00%,"FRESENIUS MEDICAL CARE"
"032535 HOME DIALYSIS OF MESA (FMC)",32535,MESA,44,1.00%,"FRESENIUS MEDICAL CARE"
"032536 WINSLOW DIALYSIS CENTER (FMC)",32536,WINSLOW,56,0.50%,"FRESENIUS MEDICAL CARE"
"032537 ESTRELLA DIALYSIS CENTER (FMC)",32537,PHOENIX,53,0.50%,"FRESENIUS MEDICAL CARE"
"032539 MESA DIALYSIS CENTER (FMC)",32539,GILBERT,77,0.00%,"FRESENIUS MEDICAL CARE"
"032540 FRESENIUS KIDNEY CARE WESTERN SKIES",32540,"CASA GRANDE",34,1.50%,"FRESENIUS MEDICAL CARE"
"032541 TEMPE DIALYSIS (FMC)",32541,TEMPE,55,0.50%,"FRESENIUS MEDICAL CARE"
"032542 ARCADIA DIALYSIS CENTER (FMC)",32542,PHOENIX,63,0.00%,"FRESENIUS MEDICAL CARE"
"032543 NOGALES DIALYSIS (DVA)",32543,NOGALES,73,0.00%,DAVITA
"032544 LAKE HAVASU DIALYSIS (FMC)",32544,"LAKE HAVASU CITY",82,0.00%,"RENAL CARE GROUP INC."
"032545 SOUTH MOUNTAIN DIALYSIS CENTER (FMC)",32545,PHOENIX,46,1.00%,"FRESENIUS MEDICAL CARE"
"032546 SUN CITY WEST DIALYSIS (FMC)",32546,SURPRISE,57,0.50%,"FRESENIUS MEDICAL CARE"
"032547 SUN CITY DIALYSIS (FMC)",32547,"SUN CITY",72,0.00%,"FRESENIUS MEDICAL CARE"
"032549 SAFFORD DIALYSIS (FMC)",32549,SAFFORD,62,0.00%,"RENAL CARE GROUP INC."
"032550 NORTH PHOENIX DIALYSIS (FMC)",32550,PHOENIX,49,0.50%,"FRESENIUS MEDICAL CARE"
"032551 MESA DIALYSIS (DSI)",32551,MESA,61,0.00%,"NOT A CHAIN"
"032552 ARROWHEAD DIALYSIS (FMC)",32552,GLENDALE,63,0.00%,"FRESENIUS MEDICAL CARE"
"032553 PAPAGO DIALYSIS (DVA)",32553,PHOENIX,62,0.00%,DAVITA
"032556 SOUTH YUMA DIALYSIS (DVA)",32556,YUMA,69,0.00%,DAVITA
"032557 TUCSON SOUTH DIALYSIS (DVA)",32557,TUCSON,73,0.00%,DAVITA
"032558 BULLHEAD CITY DIALYSIS (FMC)",32558,"BULLHEAD CITY",52,0.50%,"FRESENIUS MEDICAL CARE"
"032559 FOUR CORNERS DIAL CLINIC KAYENTA (DVA)",32559,KAYENTA,61,0.00%,DAVITA
"032561 CASA GRANDE DIALYSIS (FMC)",32561,"CASA GRANDE",64,0.00%,"RENAL CARE GROUP INC."
"032562 COTTONWOOD DIALYSIS (DVA)",32562,COTTONWOOD,67,0.00%,DAVITA
"032563 SCOTTSDALE DIALYSIS (FMC)",32563,SCOTTSDALE,71,0.00%,"FRESENIUS MEDICAL CARE"
"032564 MARYVALE DIALYSIS (FMC)",32564,PHOENIX,47,1.00%,"FRESENIUS MEDICAL CARE"
"032565 DESERT DIALYSIS CENTER SOUTH TUCSON (DCI)",32565,TUCSON,67,0.00%,"DIALYSIS CLINIC, INC."
"032568 RED MOUNTAIN DIALYSIS (FMC)",32568,MESA,53,0.50%,"FRESENIUS MEDICAL CARE"
"032571 NORTH SCOTTSDALE DIALYSIS (FMC)",32571,SCOTTSDALE,44,1.00%,"FRESENIUS MEDICAL CARE"
"032572 DESERT DIALYSIS SRVS INC-SUN CITY (DVA)",32572,"SUN CITY",58,0.50%,DAVITA
"032573 PASCUA YAQUI DIALYSIS (DVA)",32573,TUCSON,79,0.00%,DAVITA
"032575 SHOW LOW DIALYSIS (FMC)",32575,"SHOW LOW",74,0.00%,"FRESENIUS MEDICAL CARE"
"032577 YAVAPAI DIALYSIS (FMC)",32577,PRESCOTT,46,1.00%,"FRESENIUS MEDICAL CARE"
"032578 APACHE JUNCTION DIALYSIS (FMC)",32578,"APACHE JUNCTION",65,0.00%,"FRESENIUS MEDICAL CARE"
"032579 SUN LAKES DIALYSIS (FMC)",32579,"SUN LAKES",78,0.00%,"FRESENIUS MEDICAL CARE"
"032580 PALM VALLEY DIALYSIS (FMC)",32580,GOODYEAR,56,0.50%,"FRESENIUS MEDICAL CARE"
"032581 AK-CHIN DIALYSIS (FMC)",32581,MARICOPA,75,0.00%,"RENAL CARE GROUP INC."
"032583 SOUTH PHOENIX DIALYSIS (DSI)",32583,PHOENIX,43,1.00%,"NOT A CHAIN"
"032587 DEER VALLEY DIALYSIS (FMC)",32587,PHOENIX,75,0.00%,"FRESENIUS MEDICAL CARE"
"032589 TUCSON SOUTH CENTRAL DIALYSIS (DVA)",32589,TUCSON,80,0.00%,DAVITA
"032592 HOPI DIALYSIS CENTER (DVA)",32592,POLACCA,69,0.00%,DAVITA
"032593 GRANITE VALLEY DIALYSIS (FMC)",32593,"SUN CITY WEST",61,0.00%,"FRESENIUS MEDICAL CARE"
"032594 SALT RIVER DIALYSIS CENTER (FMC)",32594,SCOTTSDALE,73,0.00%,"FRESENIUS MEDICAL CARE"
"032596 NORTHEAST PHOENIX DIALYSIS (DSI)",32596,PHOENIX,60,0.00%,"NOT A CHAIN"
"032597 SAN CARLOS DIALYSIS (FMC)",32597,PERIDOT,75,0.00%,"FRESENIUS MEDICAL CARE"
"032598 MAMMOTH DIALYSIS (FMC)",32598,MAMMOTH,69,0.00%,"FRESENIUS MEDICAL CARE"
"032599 AHWATUKEE DIALYSIS (FMC)",32599,PHOENIX,50,0.50%,"RENAL CARE GROUP INC."
"032601 PALM BROOK DIALYSIS CENTER (DVA)",32601,"SUN CITY",68,0.00%,DAVITA
"032604 SOUTHWEST KIDNEY DIALYSIS - ARROWHEAD LAKES (DVA)",32604,GLENDALE,46,1.00%,DAVITA
"032605 SOUTHWEST KIDNEY DIALYSIS - GILBERT (DVA)",32605,GILBERT,66,0.00%,DAVITA
"032607 AVONDALE DIALYSIS (FMC)",32607,AVONDALE,76,0.00%,"FRESENIUS MEDICAL CARE"
"032608 AVONDALE DIALYSIS (DSI)",32608,AVONDALE,78,0.00%,"NOT A CHAIN"
"032609 SOUTHWEST KIDNEY DIALYSIS - TEMPE (DVA)",32609,TEMPE,63,0.00%,DAVITA
"032610 SOUTHEAST VALLEY DIALYSIS (FMC)",32610,"QUEEN CREEK",59,0.00%,"FRESENIUS MEDICAL CARE"
"032611 SOUTHWEST KIDNEY DIALYSIS - PHOENIX (DVA)",32611,PHOENIX,71,0.00%,DAVITA
"032612 SOUTHWEST KIDNEY DIALYSIS - ESTRELLA (DVA)",32612,PHOENIX,62,0.00%,DAVITA
"032613 NORTHWEST TUCSON DIALYSIS (FMC)",32613,TUCSON,61,0.00%,"FRESENIUS MEDICAL CARE"
"032614 DOUGLAS DIALYSIS CENTER (DCI)",32614,DOUGLAS,62,0.00%,"DIALYSIS CLINIC, INC."
"032615 RIM COUNTRY DIALYSIS (DVA)",32615,PAYSON,67,0.00%,DAVITA
"032616 DESERT DIALYSIS SAHUARITA (DCI)",32616,SAHUARITA,52,0.50%,"DIALYSIS CLINIC, INC."
"032617 TUCSON WEST DIALYSIS CENTER (FMC)",32617,TUCSON,49,0.50%,"FRESENIUS MEDICAL CARE"
"032618 NORTHWEST TUCSON DIALYSIS (DVA)",32618,TUCSON,72,0.00%,DAVITA
"032619 MOUNTAIN VISTA DIALYSIS OF ARIZONA (DVA)",32619,MESA,62,0.00%,DAVITA
"032620 GRAND HOME DIALYSIS (DVA)",32620,SURPRISE,68,0.00%,DAVITA
"032621 WEST BROOK DIALYSIS (DVA)",32621,"SUN CITY WEST",56,0.50%,DAVITA
"032622 GOODYEAR DIALYSIS (FMC)",32622,GOODYEAR,61,0.00%,"FRESENIUS MEDICAL CARE"
"032624 SOUTHWEST KIDNEY CENTRAL MESA (DVA)",32624,MESA,42,1.00%,DAVITA
"032625 RAVEN DIALYSIS CENTER (DVA)",32625,PHOENIX,80,0.00%,DAVITA
"032626 MIDVALE PARK DIALYSIS (FMC)",32626,TUCSON,62,0.00%,"FRESENIUS MEDICAL CARE"
"032627 TUCSON CENTRAL DIALYSIS (DVA)",32627,TUCSON,68,0.00%,DAVITA
"032628 KINGMAN DIALYSIS CLINIC (FMC)",32628,KINGMAN,55,0.50%,"FRESENIUS MEDICAL CARE"
"032629 SOUTH TUCSON DIALYSIS (FMC)",32629,TUCSON,71,0.00%,"FRESENIUS MEDICAL CARE"
"032630 BROOKWOOD DIALYSIS CLINIC (DVA)",32630,GLENDALE,71,0.00%,DAVITA
"032631 OCOTILLO DIALYSIS (DVA)",32631,CHANDLER,70,0.00%,DAVITA
"032632 RITA RANCH DIALYSIS (DVA)",32632,TUCSON,82,0.00%,DAVITA
"032633 SANTAN DIALYSIS (FMC)",32633,FLORENCE,68,0.00%,"FRESENIUS MEDICAL CARE"
"032634 SOUTHWEST KIDNEY DIALYSIS - MARYVALE (DVA)",32634,PHOENIX,48,1.00%,DAVITA
"032635 GILBERT DIALYSIS (FMC)",32635,GILBERT,49,0.50%,"FRESENIUS MEDICAL CARE"
"032636 DSI FLAGSTAFF",32636,FLAGSTAFF,79,0.00%,"LIBERTY DIALYSIS HAWAII"
"032637 WICKENBURG DIALYSIS (DVA)",32637,WICKENBURG,85,0.00%,DAVITA
"032638 POWER ROAD DIALYSIS (DVA)",32638,MESA,55,0.50%,DAVITA
"032639 ESTRELLA MOUNTAIN DIALYSIS, LLC (ARA)",32639,PHOENIX,58,0.50%,"AMERICAN RENAL ASSOCIATES"
"032640 SWEETWATER RIDGE DIALYSIS (DVA)",32640,PEORIA,49,0.50%,DAVITA
"032641 SCOTTSDALE DIALYSIS (DVA)",32641,SCOTTSDALE,44,1.00%,DAVITA
"032642 SOUTHWEST KIDNEY/DAVITA-PHOENIX HOME DIALYSIS (DVA",32642,PHOENIX,82,0.00%,DAVITA
"032643 EAST TUCSON (FMC)",32643,TUCSON,66,0.00%,"FRESENIUS MEDICAL CARE"
"032644 EDGE RIVER (DVA)",32644,YUMA,66,0.00%,DAVITA
"032645 SOUTHWEST KIDNEY DAVITA DIALYSIS PARTNERS, LLC",32645,"FOUNTAIN HILLS",78,0.00%,DAVITA
"032646-FMC-GLENDALE TOWN CENTER",32646,GLENDALE,56,0.50%,"FRESENIUS MEDICAL CARE"
"032647-FMC NORTH MOUNTAIN",32647,PHOENIX,86,0.00%,"FRESENIUS MEDICAL CARE"
"032648-FMC OLD TOWN SCOTTSDALE",32648,SCOTTSDALE,47,1.00%,"FRESENIUS MEDICAL CARE"
"032649 PEDIATRIC DIALYSIS CENTER OF PHOENIX LLC",32649,PHOENIX,50,0.50%,"AMERICAN RENAL ASSOCIATES"
"032650 FRESENIUS KIDNEY CARE DESERT SAGE",32650,PHOENIX,63,0.00%,"FRESENIUS MEDICAL CARE"
"032651-SWAN DIALYSIS",32651,TUCSON,48,1.00%,DAVITA
"033503 GILA RIVER DIALYSIS WEST",33503,LAVEEN,79,0.00%,"NOT A CHAIN"
"033504 GLENDALE FAMILY HEALTH CENTER - DIALYSIS",33504,GLENDALE,89,0.00%,"NOT A CHAIN"
"ST BERNARDS REGIONAL MED CTR-DIALYSIS",42303,JONESBORO,73,0.00%,"NOT A CHAIN"
"ARKANSAS CHILDRENS HOSPITAL-DIALYSIS",42310,"LITTLE ROCK",76,0.00%,"NOT A CHAIN"
"FT SMITH REGIONAL DIALYSIS CTR",42501,"FORT SMITH",49,0.50%,"NOT A CHAIN"
"DAVITA - OUACHITA DIALYSIS",42507,"HOT SPRINGS",47,1.00%,DAVITA
"DAVITA - RIVER VALLEY DIALYSIS",42508,RUSSELLVILLE,61,0.00%,DAVITA
"FMCNA - HELENA",42510,HELENA,65,0.00%,"FRESENIUS MEDICAL CARE"
"DAVITA - DEGRAY KIDNEY CTR",42512,ARKADELPHIA,61,0.00%,DAVITA
"DAVITA - SPRINGHILL DIALYSIS",42513,"NORTH LITTLE ROCK",52,0.50%,DAVITA
"DAVITA - SEARCY DIALYSIS CTR",42514,SEARCY,67,0.00%,DAVITA
"KIDNEY DISEASE AND DIALYSIS CLINIC OF MAGNOLIA",42515,MAGNOLIA,87,0.00%,"NOT A CHAIN"
"DAVITA - CONWAY DIALYSIS CTR",42517,CONWAY,42,1.00%,DAVITA
"FMCNA - FAULKNER COUNTY",42518,CONWAY,51,0.50%,"FRESENIUS MEDICAL CARE"
"FMCNA - LITTLE ROCK DIALYSIS",42521,"LITTLE ROCK",53,0.50%,"FRESENIUS MEDICAL CARE"
"DAVITA - OUACHITA VALLEY DIALYSIS",42525,CAMDEN,55,0.50%,DAVITA
"FKC - LAKE VILLAGE",42527,"LAKE VILLAGE",62,0.00%,"FRESENIUS MEDICAL CARE"
"FMCNA - EAST ARKANSAS",42528,"WEST MEMPHIS",58,0.50%,"FRESENIUS MEDICAL CARE"
"DAVITA - HOT SPRINGS DIALYSIS",42531,"HOT SPRINGS",57,0.50%,DAVITA
"FMCNA - PINE BLUFF",42532,"PINE BLUFF",65,0.00%,"FRESENIUS MEDICAL CARE"
"FMCNA - ST FRANCIS COUNTY DIALYSIS",42533,"FORREST CITY",57,0.50%,"FRESENIUS MEDICAL CARE"
"DAVITA - OSCEOLA RENAL CTR",42534,OSCEOLA,55,0.50%,DAVITA
"DAVITA - PULASKI COUNTY DX",42535,JACKSONVILLE,62,0.00%,DAVITA
"DAVITA - SOUTH ARKANSAS DIALYSIS -EL DORADO",42536,"EL DORADO",67,0.00%,DAVITA
"FMCNA - STUTTGART DIALYSIS",42537,STUTTGART,50,0.50%,"FRESENIUS MEDICAL CARE"
"DAVITA - FAYETTEVILLE",42539,FAYETTEVILLE,63,0.00%,DAVITA
"DAVITA - BENTONVILLE",42540,BENTONVILLE,68,0.00%,DAVITA
"FMCNA - MONTICELLO",42543,MONTICELLO,63,0.00%,"FRESENIUS MEDICAL CARE"
"DAVITA - SW ARKANSAS DIALYSIS-MAGNOLIA",42545,MAGNOLIA,74,0.00%,DAVITA
"DAVITA - LITTLE ROCK MIDTOWN DIALYSIS",42547,"LITTLE ROCK",48,1.00%,DAVITA
"DAVITA - NORTH LITTLE ROCK DIALYSIS CTR",42548,"NORTH LITTLE ROCK",63,0.00%,DAVITA
"DAVITA - SILOAM SPRINGS",42549,"SILOAM SPRINGS",58,0.50%,DAVITA
"FMCNA - BLYTHEVILLE",42550,BLYTHEVILLE,65,0.00%,"FRESENIUS MEDICAL CARE"
"DAVITA - JACKSONVILLE CENTRAL DIALYSIS CTR",42553,JACKSONVILLE,55,0.50%,DAVITA
"DAVITA - JACKSON COUNTY DX",42554,NEWPORT,71,0.00%,DAVITA
"FMCNA - BENTON",42556,BENTON,65,0.00%,"FRESENIUS MEDICAL CARE"
"DAVITA - INDEPENDENCE COUNTY DX",42557,BATESVILLE,69,0.00%,DAVITA
"DAVITA - SALINE COUNTY DIALYSIS",42558,BENTON,44,1.00%,DAVITA
"DAVITA - ASHLEY DIALYSIS CTR",42560,CROSSETT,79,0.00%,DAVITA
"US RENAL CARE OF NORTHEAST AR - PARAGOULD",42562,PARAGOULD,39,1.00%,"US RENAL CARE, INC."
"DAVITA - HEMPSTEAD COUNTY DIALYSIS UNIT",42563,HOPE,74,0.00%,DAVITA
"US RENAL CARE - PINE BLUFF",42564,"PINE BLUFF",33,1.50%,"US RENAL CARE, INC."
"XCLOSED - PINE BLUFF DIALYSIS - KIDNEY CTR OF MCGEHEE",42565,MCGEHEE,62,0.00%,"US RENAL CARE, INC."
"RVM - RENAL CTR OF MTN HOME",42567,"MOUNTAIN HOME",70,0.00%,"RENAL VENTURES MANAGEMENT"
"DAVITA - SPRINGDALE",42568,SPRINGDALE,62,0.00%,DAVITA
"HOPE DIALYSIS CENTER",42569,HOPE,49,0.50%,"NOT A CHAIN"
"DAVITA - MALVERN DIALYSIS",42570,MALVERN,67,0.00%,DAVITA
"DAVITA - LITTLE ROCK DIALYSIS",42571,"LITTLE ROCK",48,1.00%,DAVITA
"DAVITA - RENAL CARE OF MARION",42573,MARION,40,1.00%,DAVITA
"NORTH HILLS DIALYSIS",42574,FAYETTEVILLE,53,0.50%,"NOT A CHAIN"
"BENTON COUNTY DIALYSIS CTR",42575,BENTONVILLE,58,0.50%,"NOT A CHAIN"
"DAVITA - BRADLEY COUNTY DIALYSIS",42576,WARREN,85,0.00%,DAVITA
"NEA BAPTIST CLINIC - MIDDLEFIELD",42577,JONESBORO,34,1.50%,"NOT A CHAIN"
"DAVITA - MILLER COUNTY DIALYSIS",42578,TEXARKANA,69,0.00%,DAVITA
"DIALYSIS CENTER OF SILOAM SPRINGS",42580,"SILOAM SPRINGS",85,0.00%,"NOT A CHAIN"
"VAMANA, INC",42581,TEXARKANA,24,2.00%,"NOT A CHAIN"
"DAVITA - MENA DIALYSIS",42582,MENA,66,0.00%,DAVITA
"DCI - MCCRORY",42583,MCCRORY,89,0.00%,"DIALYSIS CLINIC, INC."
"HARRISON DIALYSIS",42584,HARRISON,61,0.00%,"NOT A CHAIN"
"DAVITA - FORREST CITY",42585,"FORREST CITY",48,1.00%,DAVITA
"DAVITA - ROGERS DIALYSIS",42586,ROGERS,76,0.00%,DAVITA
"NEA BAPTIST CLINIC - HILLTOP",42588,JONESBORO,59,0.00%,"NOT A CHAIN"
"FMCNA - EAST LITTLE ROCK",42589,"EAST LITTLE ROCK",45,1.00%,"FRESENIUS MEDICAL CARE"
"DAVITA - SOUTH LITTLE ROCK",42590,"LITTLE ROCK",47,1.00%,DAVITA
"WESTSIDE DIALYSIS UNIT LLC",42591,"LITTLE ROCK",38,1.50%,"NOT A CHAIN"
"DCI - LITTLE ROCK RENAL SERVICES LLC",42592,"LITTLE ROCK",36,1.50%,"DIALYSIS CLINIC, INC."
"ARKANSAS STAFF ASSISTED HEMODIALYSIS CLINIC",42593,"LITTLE ROCK",57,0.50%,"NOT A CHAIN"
"DAVITA - POCAHONTAS",42595,POCAHONTAS,68,0.00%,DAVITA
"HIDDEN SPRINGS DIALYSIS CTR",42596,BENTONVILLE,79,0.00%,"NOT A CHAIN"
"ST BERNARDS-WYNNE",43501,WYNNE,80,0.00%,"NOT A CHAIN"
"ST. BERNARDS MEDICAL CENTER - OSCEOLA DIALYSIS",43502,OSCEOLA,75,0.00%,"NOT A CHAIN"
"SANTA CLARA VALLEY RENAL CARE CENTER",52305,"SAN JOSE",69,0.00%,"NOT A CHAIN"
"CHILDRENS HOSPITAL OF LOS ANGELES",52321,"LOS ANGELES",54,0.50%,"NOT A CHAIN"
"KAISER FOUNDATION HOSPITAL MEDICAL CTR.- SUNSET",52323,"LOS ANGELES",34,1.50%,"KAISER PERMANENTE"
"ARROWHEAD REGIONAL MEDICAL CENTER",52334,COLTON,69,0.00%,"NOT A CHAIN"
"ST. JOSEPH HOSPITAL RENAL CENTER",52368,ORANGE,66,0.00%,"NOT A CHAIN"
"KAISER FOUNDATION HOSPITAL MEDICAL CTR.- FONTANA",52380,FONTANA,36,1.50%,"KAISER PERMANENTE"
"KAISER FOUNDATION HOSPITAL MEDICAL CTR.- WOODLAND HILLS",52381,"WOODLAND HILLS",59,0.00%,"KAISER PERMANENTE"
"KAISER FOUNDATION HOSPITAL MEDICAL CTR.- RIVERSIDE",52382,RIVERSIDE,47,1.00%,"KAISER PERMANENTE"
"KAISER FOUNDATION HOSPITAL MEDICAL CTR.- WEST LOS ANGELES",52384,"LOS ANGELES",33,1.50%,"KAISER PERMANENTE"
"KAISER FOUNDATION HOSPITAL MEDICAL CTR.- DOWNEY",52389,DOWNEY,45,1.00%,"KAISER PERMANENTE"
"LUCILE PACKARD STANFORD PEDIATRIC DIALYSIS",52390,"PALO ALTO",16,2.00%,"NOT A CHAIN"
"KAISER PERMANENTE - SANTA CLARA",52392,"SANTA CLARA",26,2.00%,"KAISER PERMANENTE"
"KAISER FOUNDATION HOSPITAL MEDICAL CTR.- ANAHEIM",52394,ANAHEIM,42,1.00%,"KAISER PERMANENTE"
"CHILDRENS HOSPITAL OF SAN DIEGO",52395,"SAN DIEGO",44,1.00%,"NOT A CHAIN"
"KAISER HOSPITAL ESRD PD UNIT",52398,HAYWARD,49,0.50%,"KAISER PERMANENTE"
"KAISER FOUNDATION HOSPITAL MEDICAL CTR.- BALDWIN PARK",52399,"LA PUENTE",34,1.50%,"KAISER PERMANENTE"
"SIERRA VIEW DISTRICT HOSPITAL DIALYSIS CENTER",52401,PORTERVILLE,67,0.00%,"NOT A CHAIN"
"KAISER PERMANENTE MARTINEZ",52403,MARTINEZ,30,1.50%,"KAISER PERMANENTE"
"KAISER FOUNDATION HOSPITAL MEDICAL CTR.- ONTARIO",52404,ONTARIO,62,0.00%,"KAISER PERMANENTE"
"LOMA LINDA UNIVERSITY CHILDREN'S HOSPITAL PEDIATRIC CHRON",52406,"LOMA LINDA",75,0.00%,"NOT A CHAIN"
"FMC-HILLCREST DIALYSIS",52500,"SAN DIEGO",70,0.00%,"FRESENIUS MEDICAL CARE"
"DAVITA-KIDNEY DIALYSIS CARE UNIT",52502,LYNWOOD,49,0.50%,DAVITA
"DAVITA-MAIN PLACE DIALYSIS CENTER",52503,ORANGE,74,0.00%,DAVITA
"DAVITA-FULLERTON DIALYSIS",52505,FULLERTON,75,0.00%,DAVITA
"RAI HAIGHT",52507,"SAN FRANCISCO",51,0.50%,"FRESENIUS MEDICAL CARE"
"FMC-SANTA BARBARA COMMUNITY DIALYSIS CENTER",52513,"SANTA BARBARA",85,0.00%,"FRESENIUS MEDICAL CARE"
"SATELLITE DIALYSIS STEVENS CREEK",52514,"SAN JOSE",69,0.00%,"SATELLITE HEALTHCARE"
"LOS ALAMITOS HEMODIALYSIS CENTER",52515,"LOS ALAMITOS",52,0.50%,"NOT A CHAIN"
"DAVITA-ANTELOPE VALLEY DIALYSIS",52521,LANCASTER,42,1.00%,DAVITA
"MOBILE DIALYSIS SERVICES, INC. (COMPTON)",52522,COMPTON,33,1.50%,"NOT A CHAIN"
"FMC-LONG BEACH",52523,"LONG BEACH",52,0.50%,"FRESENIUS MEDICAL CARE"
"BMA SANTA ROSA",52524,"SANTA ROSA",51,0.50%,"FRESENIUS MEDICAL CARE"
"DAVITA-ESCONDIDO DIALYSIS",52525,ESCONDIDO,82,0.00%,DAVITA
"SATELLITE DIALYSIS GREENBRAE",52526,GREENBRAE,67,0.00%,"SATELLITE HEALTHCARE"
"REDDING DIALYSIS CENTER",52528,REDDING,58,0.50%,DAVITA
"SATELLITE DIALYSIS MODESTO",52531,MODESTO,71,0.00%,"SATELLITE HEALTHCARE"
"DAVITA-RIVERSIDE DIALYSIS CENTER",52532,RIVERSIDE,43,1.00%,DAVITA
"RAI - EAST BAY - OAKLAND",52534,OAKLAND,58,0.50%,"FRESENIUS MEDICAL CARE"
"FMC-NATIONAL CITY DIALYSIS CENTER",52536,"NATIONAL CITY",71,0.00%,"FRESENIUS MEDICAL CARE"
"DAVITA-INGLEWOOD DIALYSIS",52538,INGLEWOOD,53,0.50%,DAVITA
"DAVITA-LAKEWOOD DIALYSIS CENTER",52539,LAKEWOOD,69,0.00%,DAVITA
"DAVITA-PALM SPRINGS DIALYSIS",52541,"PALM SPRINGS",60,0.00%,DAVITA
"FMC EUREKA",52543,EUREKA,69,0.00%,"FRESENIUS MEDICAL CARE"
"FMC-CULVER CITY DIALYSIS",52544,"CULVER CITY",73,0.00%,"FRESENIUS MEDICAL CARE"
"U.S. RENAL CARE NORTHRIDGE DIALYSIS",52545,NORTHRIDGE,57,0.50%,"US RENAL CARE, INC."
"DALY CITY DIALYSIS CENTER",52546,"DALY CITY",78,0.00%,DAVITA
FMC-BURBANK,52549,BURBANK,69,0.00%,"FRESENIUS MEDICAL CARE"
"LOMA LINDA UNIVERSITY KIDNEY CENTER",52550,"LOMA LINDA",70,0.00%,"NOT A CHAIN"
"DAVITA-UPLAND DIALYSIS",52552,UPLAND,64,0.00%,DAVITA
"CHICO DIALYSIS CENTER",52553,CHICO,60,0.00%,DAVITA
"DAVITA-VALLEY DIALYSIS CENTER",52554,"VAN NUYS",51,0.50%,DAVITA
"SATELLITE DIALYSIS SANTA CRUZ",52555,CAPITOLA,69,0.00%,"SATELLITE HEALTHCARE"
"U.S. RENAL CARE SKYPARK DIALYSIS",52556,TORRANCE,74,0.00%,"US RENAL CARE, INC."
"HOLY CROSS RENAL CENTER",52558,"MISSION HILLS",81,0.00%,"HEMODIALYSIS, INC."
"SAN PABLO DIALYSIS CENTER",52560,"SAN PABLO",65,0.00%,DAVITA
"DAVITA-VICTOR VALLEY DIALYSIS",52561,"APPLE VALLEY",48,1.00%,DAVITA
"YUBA CITY DIALYSIS CENTER",52563,"YUBA CITY",70,0.00%,DAVITA
"DAVITA-GARFIELD HEMODIALYSIS CENTER",52564,"MONTEREY PARK",59,0.00%,DAVITA
"SILVERADO DIALYSIS",52565,NAPA,50,0.50%,DAVITA
"VALLEJO DIALYSIS CENTER",52567,VALLEJO,65,0.00%,DAVITA
"PLEASANTON DIALYSIS CENTER",52568,PLEASANTON,81,0.00%,DAVITA
"SOUTH SACRAMENTO DIALYSIS CENTER",52569,SACRAMENTO,73,0.00%,DAVITA
"UNION CITY DIALYSIS CENTER",52571,"UNION CITY",73,0.00%,DAVITA
"SATELLITE DIALYSIS SAN JOSE",52572,"SAN JOSE",65,0.00%,"SATELLITE HEALTHCARE"
"DAVITA-DOWNEY DIALYSIS CENTER",52574,DOWNEY,68,0.00%,DAVITA
"FMC-RAI-NORTH WATERMAN-SAN BERNARDINO",52575,"SAN BERNARDINO",63,0.00%,"FRESENIUS MEDICAL CARE"
"FMC-BALBOA KEARNY MESA DIALYSIS CENTER",52576,"SAN DIEGO",60,0.00%,"FRESENIUS MEDICAL CARE"
"RAI HARDING BLVD",52578,ROSEVILLE,82,0.00%,"FRESENIUS MEDICAL CARE"
"FMC-CONEJO VALLEY RENAL CENTER",52579,"THOUSAND OAKS",69,0.00%,"FRESENIUS MEDICAL CARE"
"DAVITA-COVINA DIALYSIS CENTER",52580,"WEST COVINA",64,0.00%,DAVITA
"U.S. RENAL CARE GARDENA DIALYSIS - REDONDO",52581,GARDENA,40,1.00%,"US RENAL CARE, INC."
"ST. VINCENT DIALYSIS CENTER, INC.",52582,"LOS ANGELES",46,1.00%,"NOT A CHAIN"
"MONTEREY PENINSULA DIALYSIS",52583,MONTEREY,74,0.00%,"INNOVATIVE DIALYSIS SYSTEMS"
"NORTH MERCED DIALYSIS CENTER",52584,MERCED,75,0.00%,DAVITA
"U.S. RENAL CARE VAN NUYS DIALYSIS",52585,"VAN NUYS",48,1.00%,"US RENAL CARE, INC."
"BERKELEY DIALYSIS CENTER",52587,BERKELEY,67,0.00%,DAVITA
"DAVITA-WEST HILLS DIALYSIS",52588,"WEST HILLS",52,0.50%,DAVITA
"FMC-UNIVERSITY DIALYSIS CENTER OF ORANGE",52589,ORANGE,58,0.50%,"FRESENIUS MEDICAL CARE"
"FMC-RAI-COMPTON-LOS ANGELES",52590,"LOS ANGELES",44,1.00%,"FRESENIUS MEDICAL CARE"
"DAVITA-POMONA DIALYSIS",52591,POMONA,55,0.50%,DAVITA
"DAVITA-MISSION VIEJO DIALYSIS",52597,"MISSION VIEJO",76,0.00%,DAVITA
"DAVITA-BEVERLY HILLS DIALYSIS CENTER",52599,"BEVERLY HILLS",50,0.50%,DAVITA
"SATELLITE DIALYSIS SAN JOSE",52600,"SAN JOSE",52,0.50%,"SATELLITE HEALTHCARE"
"LAKEPORT DIALYSIS CENTER",52601,LAKEPORT,63,0.00%,DAVITA
"SALINAS DIALYSIS CENTER",52602,SALINAS,71,0.00%,DAVITA
"MANZANITA DIALYSIS CENTER",52604,CARMICHAEL,49,0.50%,DAVITA
"SANTA BARBARA ARTIFICIAL KIDNEY CENTER, LLC",52606,"SANTA BARBARA",75,0.00%,"NOT A CHAIN"
"FRESNO DIALYSIS CENTER",52608,FRESNO,54,0.50%,DAVITA
"SATELLITE DIALYSIS SONORA",52609,SONORA,90,0.00%,"SATELLITE HEALTHCARE"
"RAI PIEDMONT",52610,OAKLAND,60,0.00%,"FRESENIUS MEDICAL CARE"
"BMA OF CENTRAL VALLEY RURAL DIALYSIS",52612,REEDLEY,52,0.50%,"FRESENIUS MEDICAL CARE"
"DAVITA-EATON CANYON DIALYSIS",52613,PASADENA,60,0.00%,DAVITA
"AUBURN DIALYSIS CENTER",52614,AUBURN,72,0.00%,DAVITA
"NAPA DIALYSIS CENTER",52615,NAPA,55,0.50%,DAVITA
"FMC-RAI-GARDEN GROVE BLVD.-GARDEN GROVE",52617,"GARDEN GROVE",66,0.00%,"FRESENIUS MEDICAL CARE"
"FAIRFIELD DIALYSIS CENTER",52618,FAIRFIELD,67,0.00%,DAVITA
"HUNTINGTON DIALYSIS CENTER",52619,PASADENA,64,0.00%,"HEMODIALYSIS, INC."
DAVITA-HEMET,52620,HEMET,60,0.00%,DAVITA
"DAVITA-BREA DIALYSIS CENTER",52621,BREA,64,0.00%,DAVITA
"DAVITA-EAST LA PLAZA DIALYSIS",52622,"LOS ANGELES",54,0.50%,DAVITA
"FMC PETALUMA",52624,PETALUMA,80,0.00%,"FRESENIUS MEDICAL CARE"
"DAVITA-LA PALMA DIALYSIS",52627,"BUENA PARK",72,0.00%,DAVITA
"DAVITA-HANFORD DIALYSIS",52628,HANFORD,66,0.00%,DAVITA
"SATELLITE DIALYSIS",52629,WATSONVILLE,78,0.00%,"SATELLITE HEALTHCARE"
"SATELLITE DIALYSIS SANTA ROSA",52630,"SANTA ROSA",64,0.00%,"SATELLITE HEALTHCARE"
"DAVITA-WILSHIRE DIALYSIS CENTER",52631,"LOS ANGELES",56,0.50%,DAVITA
"DAVITA-GLENDALE DIALYSIS",52632,GLENDALE,67,0.00%,DAVITA
"FMC-MISSION HILLS",52633,"MISSION HILLS",64,0.00%,"FRESENIUS MEDICAL CARE"
FMC-RAI-CENTINELA-INGLEWOOD,52634,INGLEWOOD,32,1.50%,"FRESENIUS MEDICAL CARE"
"DAVITA-BRIMHALL DIALYSIS",52635,BAKERSFIELD,60,0.00%,DAVITA
"DAVITA-BURBANK DIALYSIS",52637,BURBANK,39,1.00%,DAVITA
"DAVITA-DIALYSIS CENTER OF SIMI VALLEY",52638,"SIMI VALLEY",68,0.00%,DAVITA
"DAVITA-HUNTINGTON BEACH DIALYSIS",52641,"HUNTINGTON BEACH",71,0.00%,DAVITA
"DAVITA-TOWER DIALYSIS",52643,"LOS ANGELES",42,1.00%,DAVITA
FMC-ALHAMBRA,52644,ALHAMBRA,66,0.00%,"FRESENIUS MEDICAL CARE"
"SATELLITE DIALYSIS TURLOCK",52647,TURLOCK,66,0.00%,"SATELLITE HEALTHCARE"
"DAVITA-SAN JUAN CAPISTRANO SOUTH DIALYSIS",52648,"SAN JUAN CAPISTRANO",54,0.50%,DAVITA
"US RENAL CARE BERKELEY",52651,BERKELEY,76,0.00%,"DIVERSIFIED SPECIALTY INSTITUTES (DSI)"
"DAVITA-PARAMOUNT DIALYSIS CENTER",52652,PARAMOUNT,46,1.00%,DAVITA
"FMC-CHULA VISTA DIALYSIS CENTER-SOUTH",52653,"SAN DIEGO",70,0.00%,"FRESENIUS MEDICAL CARE"
"FMC-GAREY DIALYSIS CENTER PARTNERSHIP",52654,POMONA,62,0.00%,"FRESENIUS MEDICAL CARE"
FMC-VENTURA,52656,VENTURA,73,0.00%,"FRESENIUS MEDICAL CARE"
"FMC-RAI-CORPORATE WAY-PALM DESERT",52657,"PALM DESERT",59,0.00%,"FRESENIUS MEDICAL CARE"
"KIDNEY INSTITUTE OF THE DESERT",52658,INDIO,71,0.00%,"NOT A CHAIN"
"DAVITA-CORONA DIALYSIS CENTER",52661,CORONA,56,0.50%,DAVITA
"ANTELOPE DIALYSIS CENTER",52663,"CITRUS HEIGHTS",45,1.00%,DAVITA
"DAVITA-SANTA MONICA DIALYSIS",52665,"SANTA MONICA",70,0.00%,DAVITA
"DAVITA-TULARE DIALYSIS",52666,TULARE,69,0.00%,DAVITA
"FMC-CAMARILLO DIALYSIS CENTER",52668,CAMARILLO,82,0.00%,"FRESENIUS MEDICAL CARE"
"DAVITA-IMPERIAL DIALYSIS",52670,INGLEWOOD,67,0.00%,DAVITA
"DAVITA-UNITED DIALYSIS CENTER",52671,"LONG BEACH",55,0.50%,DAVITA
"DAVITA-BAKERSFIELD DIALYSIS CENTER",52673,BAKERSFIELD,68,0.00%,DAVITA
"DAVITA-DELANO DIALYSIS",52674,DELANO,72,0.00%,DAVITA
"EAST BAY PERITONEAL DIALYSIS",52675,"SAN LEANDRO",86,0.00%,DAVITA
"DCI UNIVERSITY DIALYSIS CLINIC",52676,SACRAMENTO,58,0.50%,"DIALYSIS CLINIC, INC."
"SAN JOAQUIN VALLEY DIALYSIS",52677,FRESNO,45,1.00%,"FRESENIUS MEDICAL CARE"
"FMC-GATEWAY DIALYSIS CENTER-EAST",52678,"SAN DIEGO",58,0.50%,"FRESENIUS MEDICAL CARE"
"U.S. RENAL CARE REDONDO BEACH DIALYSIS",52679,"REDONDO BEACH",57,0.50%,"US RENAL CARE, INC."
"DAVITA-FONTANA DIALYSIS",52682,FONTANA,59,0.00%,DAVITA
"FMC-RAI-EAST OLYMPIC-LOS ANGELES",52683,"LOS ANGELES",72,0.00%,"FRESENIUS MEDICAL CARE"
"PERITONEAL DIALYSIS CENTER OF AMERICA-SAN GABRIEL PC",52684,"MONTEREY PARK",43,1.00%,"NOT A CHAIN"
"HAYWARD DIALYSIS CENTER",52685,HAYWARD,42,1.00%,DAVITA
"FMC-LA MESA DIALYSIS CENTER",52686,"LA MESA",70,0.00%,"FRESENIUS MEDICAL CARE"
FMC-CARSON,52687,CARSON,67,0.00%,"FRESENIUS MEDICAL CARE"
"WALNUT CREEK DIALYSIS",52689,"WALNUT CREEK",66,0.00%,DAVITA
"FMC-EL CENTRO DESERT VALLEY DIALYSIS CENTER",52690,"EL CENTRO",86,0.00%,"FRESENIUS MEDICAL CARE"
"CAMERON PARK DIALYSIS",52691,"CAMERON PARK",65,0.00%,DAVITA
"FMC LOS GATOS",52694,"LOS GATOS",66,0.00%,"FRESENIUS MEDICAL CARE"
"DAVITA-LOS ANGELES DIALYSIS CENTER",52695,"LOS ANGELES",61,0.00%,DAVITA
"DAVITA-VISALIA DIALYSIS",52696,VISALIA,63,0.00%,DAVITA
"HIGH DESERT HEMODIALYSIS",52699,PALMDALE,34,1.50%,"NOT A CHAIN"
"DAVITA-MONTEREY PARK DIALYSIS CENTER",52700,"MONTEREY PARK",69,0.00%,DAVITA
"U.S. RENAL CARE EARL STREET DIALYSIS",52701,TORRANCE,60,0.00%,"US RENAL CARE, INC."
"RAI WEST MARCH",52703,STOCKTON,62,0.00%,"FRESENIUS MEDICAL CARE"
"RAI NORTH CALIFORNIA",52705,STOCKTON,66,0.00%,"RENAL ADVANTAGE"
"ATWATER DIALYSIS CENTER",52706,ATWATER,56,0.50%,DAVITA
"ALHAMBRA DIALYSIS CENTER",52707,SACRAMENTO,71,0.00%,DAVITA
"FMC-NORTH COAST KIDNEY CENTER",52708,OCEANSIDE,77,0.00%,"FRESENIUS MEDICAL CARE"
"VACAVILLE DIALYSIS CLINIC",52709,VACAVILLE,71,0.00%,DAVITA
"LA PUENTE DIALYSIS CENTER, INC.",52710,"LA PUENTE",58,0.50%,"NOT A CHAIN"
"SOUTHGATE DIALYSIS",52711,SACRAMENTO,54,0.50%,"DIALYSIS CLINIC, INC."
"INTERCOMMUNITY DIALYSIS CENTER",52712,WHITTIER,46,1.00%,"NOT A CHAIN"
"DAVITA-UNIVERSITY PARK DIALYSIS CENTER",52713,"LOS ANGELES",50,0.50%,DAVITA
"DESERT CITIES DIALYSIS",52714,VICTORVILLE,38,1.50%,"NOT A CHAIN"
"U.S. RENAL CARE LOMITA DIALYSIS",52715,LOMITA,72,0.00%,"US RENAL CARE, INC."
"DAVITA-SANTA ANA DIALYSIS CENTER",52716,"SANTA ANA",62,0.00%,DAVITA
"DAVITA-GREATER EL MONTE DIALYSIS CENTER",52717,"SOUTH EL MONTE",57,0.50%,DAVITA
"DAVITA-NORWALK DIALYSIS CENTER",52718,NORWALK,69,0.00%,DAVITA
"SAN FRANCISCO DIALYSIS CENTER",52719,"SAN FRANCISCO",60,0.00%,DAVITA
"CITRUS DIALYSIS CENTER",52720,COVINA,40,1.00%,"NOT A CHAIN"
"RAI PERALTA",52721,OAKLAND,58,0.50%,"FRESENIUS MEDICAL CARE"
"FMC FREMONT",52722,FREMONT,66,0.00%,"FRESENIUS MEDICAL CARE"
"MANTECA DIALYSIS CENTER",52723,MANTECA,72,0.00%,DAVITA
"DAVITA-SFS DIALYSIS",52724,"SANTA FE SPRINGS",69,0.00%,DAVITA
"DAVITA-DOCTORS DIALYSIS CENTER OF EAST LOS ANGELES",52725,"EAST LOS ANGELES",52,0.50%,DAVITA
"MOHAN DIALYSIS CENTER OF COVINA",52726,COVINA,52,0.50%,"NOT A CHAIN"
"FMC-RAI-INDIANA COURT-REDLANDS",52727,REDLANDS,59,0.00%,"FRESENIUS MEDICAL CARE"
"RAI OCEAN AVENUE",52728,"SAN FRANCISCO",65,0.00%,"FRESENIUS MEDICAL CARE"
"OAKLAND DIALYSIS CENTER",52729,OAKLAND,63,0.00%,DAVITA
DAVITA-MURRIETA,52730,MURRIETA,69,0.00%,DAVITA
"FMC-BALBOA MARINA BAY",52731,"CHULA VISTA",74,0.00%,"FRESENIUS MEDICAL CARE"
"DAVITA-ANAHEIM DIALYSIS",52734,ANAHEIM,59,0.00%,DAVITA
"DAVITA-TEMECULA DIALYSIS CENTER",52735,TEMECULA,64,0.00%,DAVITA
"LOS BANOS DIALYSIS CENTER",52738,"LOS BANOS",67,0.00%,DAVITA
"DAVITA-CHINO DIALYSIS",52739,CHINO,60,0.00%,DAVITA
"FMC-RAI-FLETCHER PARKWAY-EL CAJON",52740,"EL CAJON",70,0.00%,"FRESENIUS MEDICAL CARE"
"RAI E. 14TH",52742,"SAN LEANDRO",91,0.00%,"RENAL ADVANTAGE"
"DAVITA-MOUNTAIN VISTA DIALYSIS CENTER",52743,"SAN BERNARDINO",51,0.50%,DAVITA
"DAVITA-SOUTH VALLEY DIALYSIS",52744,ENCINO,55,0.50%,DAVITA
"DAVITA-AIRPORT SUNRISE DIALYSIS CENTER",52746,INGLEWOOD,55,0.50%,DAVITA
"U.S. RENAL CARE WEST COAST DIALYSIS",52747,"LONG BEACH",66,0.00%,"US RENAL CARE, INC."
"SATELLITE DIALYSIS",52751,GILROY,52,0.50%,"SATELLITE HEALTHCARE"
"RAI CERES AVENUE, CHICO",52752,CHICO,73,0.00%,"FRESENIUS MEDICAL CARE"
"LODI DIALYSIS CENTER",52753,LODI,56,0.50%,DAVITA
"FMC-EL MONTE",52755,"SOUTH EL MONTE",67,0.00%,"FRESENIUS MEDICAL CARE"
"DAVITA-ENCINITAS DIALYSIS",52756,ENCINITAS,71,0.00%,DAVITA
"FMC DIABLO CENTRAL PITTSBURG",52757,PITTSBURG,71,0.00%,"FRESENIUS MEDICAL CARE"
"FMC DIABLO WALNUT CREEK",52758,"WALNUT CREEK",60,0.00%,"FRESENIUS MEDICAL CARE"
"FMC DIABLO CONCORD",52759,"PLEASANT HILL",74,0.00%,"FRESENIUS MEDICAL CARE"
"FMC-SAN GABRIEL DIALYSIS CENTER",52760,ALHAMBRA,70,0.00%,"FRESENIUS MEDICAL CARE"
"DAVITA-PREMIER DIALYSIS CENTER",52761,CUDAHY,53,0.50%,DAVITA
FMC-OXNARD,52762,OXNARD,81,0.00%,"FRESENIUS MEDICAL CARE"
"FMC-SAN GABRIEL VALLEY PD CLINIC",52764,ALHAMBRA,100,0.00%,"FRESENIUS MEDICAL CARE"
"RAI FAIRWAY ROCKLIN",52765,ROCKLIN,88,0.00%,"FRESENIUS MEDICAL CARE"
"DAVITA-DIAMOND VALLEY DIALYSIS CENTER",52768,"SAN JACINTO",56,0.50%,DAVITA
"SF CHINATOWN DIALYSIS CENTER",52769,"SAN FRANCISCO",66,0.00%,DAVITA
"SELMA DIALYSIS CENTER",52770,SELMA,57,0.50%,DAVITA
"DAVITA-VISALIA AT HOME DIALYSIS",52771,VISALIA,94,0.00%,DAVITA
"FMC-RAI-HOSPITAL CIRCLE-WESTMINSTER",52772,WESTMINSTER,71,0.00%,"FRESENIUS MEDICAL CARE"
"DAVITA-WESTMINSTER SOUTH DIALYSIS",52773,WESTMINSTER,62,0.00%,DAVITA
"DAVITA-HI-DESERT DIALYSIS",52776,"YUCCA VALLEY",56,0.50%,DAVITA
"NRC-SANTA CLARITA KIDNEY CENTER",52778,VALENCIA,53,0.50%,OTHER
"FMC-RAI-MISSION GORGE SAN DIEGO",52779,"SAN DIEGO",54,0.50%,"FRESENIUS MEDICAL CARE"
"FMC-BALBOA EAST COUNTY",52780,"EL CAJON",64,0.00%,"FRESENIUS MEDICAL CARE"
"DAVITA-NORTH HOLLYWOOD DIALYSIS",52781,"NORTH HOLLYWOOD",56,0.50%,DAVITA
"MOUNTAIN VIEW DIALYSIS CENTER, INC.",52782,MONROVIA,44,1.00%,"NOT A CHAIN"
"MODESTO KIDNEY CENTER, LLC",52783,MODESTO,64,0.00%,"INNOVATIVE DIALYSIS SYSTEMS"
"DELTA SIERRA DIALYSIS CENTER",52784,STOCKTON,72,0.00%,DAVITA
"DAVITA-DOCTORS DIALYSIS CENTER OF MONTEBELLO",52785,MONTEBELLO,56,0.50%,DAVITA
"EL CERRITO DIALYSIS CENTER",52786,"EL CERRITO",67,0.00%,DAVITA
"ALAMEDA COUNTY DIALYSIS CENTER",52787,OAKLAND,49,0.50%,DAVITA
"DAVITA-NEPHRON DIALYSIS",52788,"LONG BEACH",61,0.00%,DAVITA
"DAVITA-INDIAN WELLS VALLEY",52789,RIDGECREST,67,0.00%,DAVITA
"NRC-KIDNEY CARE CENTER OF NORTH VALLEY, INC",52790,"GRANADA HILLS",51,0.50%,OTHER
"ROSEMEAD DIALYSIS CENTER",52791,ROSEMEAD,34,1.50%,"NOT A CHAIN"
"FMC-IMPERIAL COUNTY",52792,"EL CENTRO",73,0.00%,"FRESENIUS MEDICAL CARE"
"SATELLITE DIALYSIS REDWOOD CITY",52793,"SAN CARLOS",75,0.00%,"SATELLITE HEALTHCARE"
"DAVITA-USC KIDNEY CENTER",52794,"LOS ANGELES",62,0.00%,DAVITA
"DCI MADISON DIALYSIS CLINIC",52796,SACRAMENTO,51,0.50%,"DIALYSIS CLINIC, INC."
"FMC ARDENWOOD",52797,NEWARK,69,0.00%,"FRESENIUS MEDICAL CARE"
"FMC-RAI-NEWHOPE-FOUNTAIN VALLEY",52798,"FOUNTAIN VALLEY",57,0.50%,"FRESENIUS MEDICAL CARE"
"DAVITA-SAN DIEGO SOUTH DIALYSIS",52799,"SAN DIEGO",69,0.00%,DAVITA
"DAVITA-DIALYSIS CENTER OF SANTA PAULA",52800,"SANTA PAULA",74,0.00%,DAVITA
"DAVITA-HOLLYWOOD DIALYSIS CENTER",52801,"LOS ANGELES",64,0.00%,DAVITA
"DAVITA-HARBOR UCLA",52802,TORRANCE,79,0.00%,DAVITA
"DAVITA-CARSON DIALYSIS",52803,CARSON,67,0.00%,DAVITA
"DAVITA-MONTCLAIR DIALYSIS CENTER",52804,MONTCLAIR,55,0.50%,DAVITA
"GRASS VALLEY DIALYSIS CENTER",52805,"GRASS VALLEY",79,0.00%,DAVITA
"KIDNEY DIALYSIS CENTER OF BALDWIN HILLS, LLC",52806,"LOS ANGELES",53,0.50%,"KIDNEY CENTER, INC."
"DAVITA-VALLEY VIEW DIALYSIS",52807,"MORENO VALLEY",66,0.00%,DAVITA
"DAVITA-SADDLEBACK DIALYSIS",52808,"LAGUNA HILLS",85,0.00%,DAVITA
"U.S. RENAL CARE WEST LOS ANGELES DIALYSIS",52809,"LOS ANGELES",47,1.00%,"US RENAL CARE, INC."
"BENICIA DIALYSIS CENTER",52810,BENICIA,66,0.00%,DAVITA
"DAVITA-SAN LUIS OBISPO DIALYSIS",52811,"SAN LUIS OBISPO",63,0.00%,DAVITA
"FMC-BLYTHE DESERT DIALYSIS",52812,BLYTHE,91,0.00%,"FRESENIUS MEDICAL CARE"
"SAN FRANCISCO GENERAL HOSPITAL RENAL CENTER",52813,"SAN FRANCISCO",48,1.00%,"NOT A CHAIN"
"TRACY DIALYSIS CENTER",52814,TRACY,81,0.00%,DAVITA
"RAI BANCROFT",52815,OAKLAND,70,0.00%,"FRESENIUS MEDICAL CARE"
"DESERT CITIES DIALYSIS OF BARSTOW",52816,BARSTOW,49,0.50%,"NOT A CHAIN"
"FMC-RAI-CARE CENTERS OF COLTON, LLC",52817,COLTON,77,0.00%,"FRESENIUS MEDICAL CARE"
"UCSD DIALYSIS CENTER",52818,"SAN DIEGO",89,0.00%,"NOT A CHAIN"
"SATELLITE DIALYSIS SAN MATEO",52819,"SAN MATEO",80,0.00%,"SATELLITE HEALTHCARE"
"FMC-RAI-W. FOOTHILL BLVD-GLENDORA",52820,GLENDORA,56,0.50%,"FRESENIUS MEDICAL CARE"
"U.S. RENAL CARE GARDENA DIALYSIS - 190TH",52821,GARDENA,51,0.50%,"US RENAL CARE, INC."
"OAKLAND PERITONEAL DIALYSIS CENTER",52822,OAKLAND,36,1.50%,DAVITA
"FMC WOODLAND",52825,WOODLAND,76,0.00%,"NOT A CHAIN"
"NORTH HIGHLANDS DIALYSIS CENTER",52826,"NORTH HIGHLANDS",54,0.50%,DAVITA
"U.S. RENAL CARE PANORAMA CITY DIALYSIS",52827,"PANORAMA CITY",58,0.50%,"US RENAL CARE, INC."
"DAVITA-LOS ANGELES DOWNTOWN",52828,"LOS ANGELES",53,0.50%,DAVITA
"FMC-SANTA PAULA",52829,"SANTA PAULA",80,0.00%,"FRESENIUS MEDICAL CARE"
"FMC-CALEXICO DESERT DIALYSIS",52830,CALEXICO,86,0.00%,"FRESENIUS MEDICAL CARE"
"FMC DIABLO WEST ANTIOCH",52831,ANTIOCH,72,0.00%,"FRESENIUS MEDICAL CARE"
"KIDNEY INSTITUTE AT EISENHOWER MEDICAL CENTER",52832,"RANCHO MIRAGE",59,0.00%,"NOT A CHAIN"
"U.S. RENAL CARE OCEANSIDE DIALYSIS",52834,OCEANSIDE,53,0.50%,"US RENAL CARE, INC."
"U.S. RENAL CARE CHULA VISTA BROADWAY DIALYSIS",52835,"CHULA VISTA",74,0.00%,"US RENAL CARE, INC."
"TOIYABE DIALYSIS CENTER",52836,BISHOP,75,0.00%,"NOT A CHAIN"
"U.S. RENAL CARE WESTSIDE DIALYSIS",52837,"LOS ANGELES",57,0.50%,"US RENAL CARE, INC."
"LOMPOC ARTIFICIAL KIDNEY CENTER, LLC",52838,LOMPOC,63,0.00%,"NOT A CHAIN"
"DAVITA-NORTHEAST BAKERSFIELD DIALYSIS",52839,BAKERSFIELD,65,0.00%,DAVITA
"U.S. RENAL CARE LONG BEACH DIALYSIS",52840,"LONG BEACH",50,0.50%,"US RENAL CARE, INC."
"ANTIOCH DIALYSIS CENTER",52841,ANTIOCH,48,1.00%,DAVITA
"FMC-BUENA CREEK",52842,VISTA,66,0.00%,"FRESENIUS MEDICAL CARE"
"U.S. RENAL CARE MONTEBELLO DIALYSIS",52843,MONTEBELLO,69,0.00%,"US RENAL CARE, INC."
"DAVITA-IMPERIAL CARE DIALYSIS CENTER",52844,LYNWOOD,61,0.00%,DAVITA
"SOUTH HAYWARD DIALYSIS CENTER",52845,HAYWARD,57,0.50%,DAVITA
FMC-INGLEWOOD,52846,INGLEWOOD,39,1.00%,"FRESENIUS MEDICAL CARE"
"FMC-WEST COVINA KIDNEY CENTER",52847,"WEST COVINA",57,0.50%,"FRESENIUS MEDICAL CARE"
FMC-RIVERSIDE,52848,RIVERSIDE,64,0.00%,"FRESENIUS MEDICAL CARE"
"ORANGEVALE DIALYSIS CENTER",52850,ORANGEVALE,55,0.50%,DAVITA
"DAVITA-CRESCENT HEIGHTS DIALYSIS CENTER",52852,"LOS ANGELES",56,0.50%,DAVITA
"OAKDALE KIDNEY CENTER, LLC",52853,OAKDALE,66,0.00%,"INNOVATIVE DIALYSIS SYSTEMS"
"MOHAN DIALYSIS CENTER OF INDUSTRY",52854,"CITY OF INDUSTRY",50,0.50%,"NOT A CHAIN"
"FMC-RANCHO CUCAMONGA",52855,"RANCHO CUCAMONGA",57,0.50%,"FRESENIUS MEDICAL CARE"
"DAVITA-WASHINGTON PLAZA DIALYSIS CENTER",52856,"LOS ANGELES",64,0.00%,DAVITA
"FLORIN DIALYSIS CENTER",52857,SACRAMENTO,68,0.00%,DAVITA
"DAVITA-KENNETH HAHN PLAZA DIALYSIS CENTER",52858,"LOS ANGELES",53,0.50%,DAVITA
"DAVITA-WEST GLENDALE DIALYSIS",52859,GLENDALE,65,0.00%,DAVITA
"FMC-DIALYSIS SERVICES CHANNEL ISLANDS",52860,OXNARD,70,0.00%,"FRESENIUS MEDICAL CARE"
"FMC-SOUTH ORANGE COUNTY",52861,"SANTA ANA",67,0.00%,"FRESENIUS MEDICAL CARE"
"FMC-NORTH ORANGE COUNTY",52862,ANAHEIM,60,0.00%,"FRESENIUS MEDICAL CARE"
"FMC-RAI-NORTH RIVERSIDE-RIALTO",52863,RIALTO,51,0.50%,"FRESENIUS MEDICAL CARE"
"FMC-SAN YSIDRO DIALYSIS CENTER",52864,"SAN DIEGO",87,0.00%,"FRESENIUS MEDICAL CARE"
"DAVITA-CENTURY CITY DIALYSIS CENTER",52865,"LOS ANGELES",54,0.50%,DAVITA
"DAVITA-SAN YSIDRO DIALYSIS",52866,"SAN DIEGO",78,0.00%,DAVITA
"EAST PALMDALE DIALYSIS CENTER",52867,PALMDALE,22,2.00%,"NOT A CHAIN"
"QUEENS DIALYSIS UNIT, INC.",52868,"WEST COVINA",37,1.50%,"NOT A CHAIN"
"DAVITA-PALMDALE REGIONAL DIALYSIS",52869,PALMDALE,51,0.50%,DAVITA
"SATELLITE DIALYSIS SUNNYVALE",52870,SUNNYVALE,80,0.00%,"SATELLITE HEALTHCARE"
"DAVITA CENTRAL COAST KIDNEY CENTER",52871,"SANTA MARIA",67,0.00%,DAVITA
"FLORENCE DIALYSIS CENTER",52872,"LOS ANGELES",57,0.50%,"NOT A CHAIN"
"DAVITA-DIALYSIS CENTER OF THOUSAND OAKS",52873,"THOUSAND OAKS",47,1.00%,DAVITA
"SATELLITE HEALTHCARE SOUTH SAN FRANCISCO",52874,"SOUTH SAN FRANCISCO",60,0.00%,"SATELLITE HEALTHCARE"
"U.S. RENAL CARE CULVER CITY",52875,"CULVER CITY",54,0.50%,"US RENAL CARE, INC."
"OROVILLE DIALYSIS CLINIC",52876,OROVILLE,70,0.00%,"DIALYSIS CLINIC, INC."
"YUBA SUTTER DIALYSIS",52877,"YUBA CITY",49,0.50%,"AMERICAN RENAL ASSOCIATES"
"FMC-SAN BERNARDINO",52878,"SAN BERNARDINO",62,0.00%,"FRESENIUS MEDICAL CARE"
"HACIENDA DIALYSIS CENTER",52879,"HACIENDA HEIGHTS",31,1.50%,"NOT A CHAIN"
FMC-BELLFLOWER,52880,BELLFLOWER,71,0.00%,"FRESENIUS MEDICAL CARE"
"NEWPORT BEACH DIALYSIS",52881,"NEWPORT BEACH",73,0.00%,"RENAL RESEARCH INSTITUTE"
"FMC-WEST LOS ANGELES",52882,INGLEWOOD,55,0.50%,"FRESENIUS MEDICAL CARE"
"DAVITA-SAN DIEGO EAST",52883,"SAN DIEGO",60,0.00%,DAVITA
"WHITTIER KIDNEY DIALYSIS CENTER",52884,WHITTIER,53,0.50%,"NOT A CHAIN"
"FMC-DIALYSIS SERVICES OF PARADISE",52885,"SAN DIEGO",61,0.00%,"FRESENIUS MEDICAL CARE"
"FMC-DIALYSIS SERVICES OF COLLEGE",52886,"SAN DIEGO",79,0.00%,"FRESENIUS MEDICAL CARE"
"SATELLITE DIALYSIS WINDSOR",52887,WINDSOR,73,0.00%,"SATELLITE HEALTHCARE"
"PARKWAY KIDNEY CENTER",52888,MODESTO,71,0.00%,"INNOVATIVE DIALYSIS SYSTEMS"
"FMC-NORTH LONG BEACH",52889,"LONG BEACH",89,0.00%,"FRESENIUS MEDICAL CARE"
"FMC-ANTELOPE VALLEY",52890,LANCASTER,49,0.50%,"FRESENIUS MEDICAL CARE"
"WELLBOUND OF SAN JOSE LLC",52891,"SAN JOSE",64,0.00%,"SATELLITE HEALTHCARE"
"SOLEDAD DIALYSIS CENTER",52892,SOLEDAD,79,0.00%,DAVITA
"TEMPLE CITY DIALYSIS FACILITY, INC.",52893,"TEMPLE CITY",62,0.00%,"NOT A CHAIN"
FMC-RAI-MONROE-INDIO,52894,INDIO,71,0.00%,"FRESENIUS MEDICAL CARE"
"DAVITA-LAKE ELSINORE DIALYSIS CENTER",52895,"LAKE ELSINORE",48,1.00%,DAVITA
"DAVITA-CERRITOS DIALYSIS",52896,CERRITOS,70,0.00%,DAVITA
"DAVITA-TUSTIN DIALYSIS CENTER",52897,"SANTA ANA",56,0.50%,DAVITA
"FMC-RAI-LAGUNA CANYON-IRVINE",52898,IRVINE,74,0.00%,"FRESENIUS MEDICAL CARE"
"U.S. RENAL CARE LOS ANGELES DIALYSIS",52899,"LOS ANGELES",69,0.00%,"US RENAL CARE, INC."
"PEDIATRIC DIALYSIS UNIT AT UCSF",53501,"SAN FRANCISCO",40,1.00%,"NOT A CHAIN"
"KAWEAH DELTA DIALYSIS FACILITY",53506,VISALIA,64,0.00%,"NOT A CHAIN"
"MEE MEMORIAL HOSPITAL-DIALYSIS",53521,"KING CITY",76,0.00%,"NOT A CHAIN"
"UC CHRONIC DIALYSIS/MT. ZION",53523,"SAN FRANCISCO",43,1.00%,"NOT A CHAIN"
"COMMUNITY DIALYSIS CENTER",53525,FRESNO,56,0.50%,"NOT A CHAIN"
"SAN JOAQUIN GENERAL HOSPITAL",53526,"FRENCH CAMP",61,0.00%,"NOT A CHAIN"
"ST. JOSEPH HOSPITAL DIALYSIS CENTER-SANTA ANA",53527,"SANTA ANA",80,0.00%,"NOT A CHAIN"
"062303 UNIVERSITY OF CO HOSPITAL - HOME DIALYSIS",62303,AURORA,65,0.00%,"NOT A CHAIN"
"062311 THE CHILDRENS HOSPITAL KIDNEY CTR.",62311,AURORA,21,2.00%,"NOT A CHAIN"
"062315 HEART OF THE ROCKIES REGIONAL DIALYSIS CENTER",62315,SALIDA,66,0.00%,"NOT A CHAIN"
"062501 ROCKY MOUNTAIN DIALYSIS (FMC)",62501,DENVER,62,0.00%,"FRESENIUS MEDICAL CARE"
"062502 LAKEWOOD DIALYSIS (DVA)",62502,LAKEWOOD,83,0.00%,DAVITA
"062505 NORTHERN COLORADO KIDNEY CENTER (FMC)",62505,"FORT COLLINS",57,0.50%,"FRESENIUS MEDICAL CARE"
"062507 PIKES PEAK DIALYSIS CENTER (DVA)",62507,"COLORADO SPRINGS",69,0.00%,DAVITA
"062510 GREELEY DIALYSIS (FMC)",62510,GREELEY,71,0.00%,"FRESENIUS MEDICAL CARE"
"062511 THORNTON DIALYSIS (DVA)",62511,THORNTON,64,0.00%,DAVITA
"062514 AURORA DIALYSIS (DVA)",62514,AURORA,72,0.00%,DAVITA
"062517 BOULDER DIALYSIS (DVA)",62517,BOULDER,73,0.00%,DAVITA
"062518 SOUTH DENVER DIALYSIS (DVA)",62518,DENVER,66,0.00%,DAVITA
"062519 LITTLETON DIALYSIS (DVA)",62519,LITTLETON,67,0.00%,DAVITA
"062520 PUEBLO DIALYSIS (FMC)",62520,PUEBLO,81,0.00%,"FRESENIUS MEDICAL CARE"
"062521 ARVADA DIALYSIS CENTER (DVA)",62521,ARVADA,51,0.50%,DAVITA
"062522 CANON CITY DIALYSIS (FMC)",62522,"CANON CITY",78,0.00%,"FRESENIUS MEDICAL CARE"
"062523 LOVELAND DIALYSIS (FMC)",62523,LOVELAND,93,0.00%,"FRESENIUS MEDICAL CARE"
"062524 PRINTERS PLACE DIALYSIS CENTER (DVA)",62524,"COLORADO SPRINGS",83,0.00%,DAVITA
"062525 LA JUNTA DIALYSIS (FMC)",62525,"LA JUNTA",85,0.00%,"FRESENIUS MEDICAL CARE"
"062526 WALSENBURG DIALYSIS (FMC)",62526,WALSENBURG,81,0.00%,"FRESENIUS MEDICAL CARE"
"062527 NORTHEAST DENVER DIALYSIS (FKC)",62527,AURORA,51,0.50%,"FRESENIUS MEDICAL CARE"
"062528 FOUR CORNERS DIALYSIS CLINIC CORTEZ (DVA)",62528,CORTEZ,76,0.00%,DAVITA
"062529 LOWRY DIALYSIS CENTER (DVA)",62529,DENVER,88,0.00%,DAVITA
"062530 MONTROSE DIALYSIS (DCI)",62530,MONTROSE,86,0.00%,"DIALYSIS CLINIC, INC."
"062531 ENGLEWOOD DIALYSIS (DVA)",62531,ENGLEWOOD,68,0.00%,DAVITA
"062533 COMMERCE CITY DIALYSIS (DVA)",62533,"COMMERCE CITY",75,0.00%,DAVITA
"062534 LONGMONT DIALYSIS (DVA)",62534,LONGMONT,74,0.00%,DAVITA
"062535 LAKEWOOD CROSSING DIALYSIS (DVA)",62535,LAKEWOOD,91,0.00%,DAVITA
"062536 LAMAR DIALYSIS (FMC)",62536,LAMAR,83,0.00%,"FRESENIUS MEDICAL CARE"
"062537 PUEBLO SOUTH DIALYSIS (FMC)",62537,PUEBLO,71,0.00%,"FRESENIUS MEDICAL CARE"
"062538 GRAND JUNCTION DIALYSIS (DCI)",62538,"GRAND JUNCTION",71,0.00%,"DIALYSIS CLINIC, INC."
"062540 EAST AURORA DIALYSIS (DVA)",62540,AURORA,59,0.00%,DAVITA
"062541 MILE HIGH PD (DVA)",62541,LAKEWOOD,76,0.00%,DAVITA
"062542 BRIGHTON DIALYSIS (DVA)",62542,BRIGHTON,79,0.00%,DAVITA
"062543 LONETREE DIALYSIS (DVA)",62543,ENGLEWOOD,84,0.00%,DAVITA
"062544 BELCARO DIALYSIS (DVA)",62544,DENVER,67,0.00%,DAVITA
"062545 AURORA DIALYSIS (FMC)",62545,AURORA,53,0.50%,"RENAL CARE GROUP INC."
"062546 DENVER DIALYSIS (DVA)",62546,DENVER,53,0.50%,DAVITA
"062547 DURANGO DIALYSIS CENTER (DVA)",62547,DURANGO,76,0.00%,DAVITA
"062548 STAPLETON DIALYSIS (FMC)",62548,DENVER,74,0.00%,"FRESENIUS MEDICAL CARE"
"062550 ALAMOSA DIALYSIS (DVA)",62550,ALAMOSA,79,0.00%,DAVITA
"062553 GRAND JUNCTION DIALYSIS CENTER (DVA)",62553,"GRAND JUNCTION",63,0.00%,DAVITA
"062554 KIDNEY CENTER OF ARVADA (ARA)",62554,ARVADA,75,0.00%,"AMERICAN RENAL ASSOCIATES"
"062555 KIDNEY CENTER OF LAFAYETTE (ARA)",62555,LAFAYETTE,75,0.00%,"AMERICAN RENAL ASSOCIATES"
"062556 KIDNEY CENTER OF LAKEWOOD (ARA)",62556,DENVER,51,0.50%,"AMERICAN RENAL ASSOCIATES"
"062557 KIDNEY CENTER OF LONGMONT (ARA)",62557,LONGMONT,83,0.00%,"AMERICAN RENAL ASSOCIATES"
"062558 KIDNEY CENTER OF WESTMINSTER (ARA)",62558,WESTMINSTER,75,0.00%,"AMERICAN RENAL ASSOCIATES"
"062559 NORTH METRO DENVER DIALYSIS (DVA)",62559,WESTMINSTER,80,0.00%,DAVITA
"062560 LIBERTY DIALYSIS - PUEBLO",62560,PUEBLO,73,0.00%,"LIBERTY DIALYSIS HAWAII"
"062561 NORTH COLORADO SPRINGS DIALYSIS (DVA)",62561,"COLORADO SPRINGS",71,0.00%,DAVITA
"062562 PARKER DIALYSIS (DVA)",62562,PARKER,69,0.00%,DAVITA
"062563 LIBERTY DIALYSIS - COLORADO SPRINGS NORTH (FMC)",62563,"COLORADO SPRINGS",80,0.00%,"LIBERTY DIALYSIS HAWAII"
"062564 LIBERTY DIALYSIS - COLORADO SPRINGS SOUTH (FMC)",62564,"COLORADO SPRINGS",84,0.00%,"LIBERTY DIALYSIS HAWAII"
"062566 LIBERTY DIALYSIS COLORADO SPRINGS CENTRAL (FMC)",62566,"COLORADO SPRINGS",75,0.00%,"LIBERTY DIALYSIS HAWAII"
"062567 MESA COUNTY DIALYSIS (DVA)",62567,"GRAND JUNCTION",76,0.00%,DAVITA
"062568 PUEBLO WEST DIALYSIS (FMC)",62568,"PUEBLO WEST",88,0.00%,"FRESENIUS MEDICAL CARE"
"062569 BLACK CANYON DIALYSIS (DVA)",62569,MONTROSE,63,0.00%,DAVITA
"062570 KIDNEY CENTER OF BEAR CREEK (ARA)",62570,LAKEWOOD,66,0.00%,"AMERICAN RENAL ASSOCIATES"
"062571 THORNTON KIDNEY CENTER LLC  (ARA)",62571,THORNTON,71,0.00%,"AMERICAN RENAL ASSOCIATES"
"062572 SOUTHWEST DENVER DIALYSIS (DVA)",62572,DENVER,58,0.50%,DAVITA
"062573 KIDNEY CENTER ON MAIN (ARA)",62573,LONGMONT,58,0.50%,"AMERICAN RENAL ASSOCIATES"
"062574 RED HAWK DIALYSIS (DVA)",62574,"CASTLE ROCK",66,0.00%,DAVITA
"062575 PAVILION DIALYSIS (FMC)",62575,DENVER,73,0.00%,"FRESENIUS MEDICAL CARE"
"062576 SABLE DIALYSIS (DVA)",62576,AURORA,68,0.00%,DAVITA
"062577 NORTHEASTERN COLORADO DIALYSIS (DVA)",62577,STERLING,82,0.00%,DAVITA
"062578 -  WEST HAMPDEN DIALYSIS (FMC)",62578,ENGLEWOOD,78,0.00%,"FRESENIUS MEDICAL CARE"
"062579 - LOVELAND CENTRAL DIALYSIS (DVA)",62579,LOVELAND,67,0.00%,DAVITA
"062580 NORTHERN COLORADO HOME THERAPY DIALYSIS (FMC)",62580,LOVELAND,80,0.00%,"FRESENIUS MEDICAL CARE"
"062581 KIDNEY CENTER OF NORTHRIDGE (ARA)",62581,WESTMINSTER,77,0.00%,"AMERICAN RENAL ASSOCIATES"
"062582 - WEST LAKEWOOD DIALYSIS CENTER (DVA)",62582,LAKEWOOD,53,0.50%,DAVITA
"062583 PARKER KIDNEY CENTER (ARA)",62583,PARKER,61,0.00%,"AMERICAN RENAL ASSOCIATES"
"062584 SOUTH DENVER DIALYSIS (FMC)",62584,DENVER,71,0.00%,"FRESENIUS MEDICAL CARE"
"062585 NORTH GREELEY DIALYSIS (FMC)",62585,GREELEY,75,0.00%,"FRESENIUS MEDICAL CARE"
"062586 GREELEY DIALYSIS (DVA)",62586,GREELEY,66,0.00%,DAVITA
"062587 KIDNEY CENTER OF WHEAT RIDGE (ARA)",62587,"WHEAT RIDGE",66,0.00%,"AMERICAN RENAL ASSOCIATES"
"062589-KIDNEY CENTER OF THE ROCKIES",62589,AVON,54,0.50%,"AMERICAN RENAL ASSOCIATES"
"062590-KIDNEY CENTER OF FREDERICK",62590,LONGMONT,82,0.00%,"AMERICAN RENAL ASSOCIATES"
"062591-PLATTE VALLEY DIALYSIS",62591,BRIGHTON,39,1.00%,DAVITA
"062592-MONTBELLO DIALYSIS",62592,DENVER,84,0.00%,DAVITA
"HARTFORD HOSPITAL",72307,HARTFORD,47,1.00%,"NOT A CHAIN"
"NEW BRITAIN GENERAL HOSPITAL",72310,"NEW BRITAIN",47,1.00%,"NOT A CHAIN"
"BRIDGEPORT DIALYSIS",72501,BRIDGEPORT,54,0.50%,DAVITA
"NEW HAVEN HOME DIALYSIS",72503,"NEW HAVEN",62,0.00%,"FRESENIUS MEDICAL CARE"
"STAMFORD DIALYSIS",72504,STAMFORD,58,0.50%,DAVITA
"DIALYSIS CENTER OF NEWINGTON",72505,NEWINGTON,65,0.00%,"FRESENIUS MEDICAL CARE"
"ENFIELD DIALYSIS CENTER",72506,ENFIELD,71,0.00%,"FRESENIUS MEDICAL CARE"
"NEW HAVEN DIALYSIS",72507,"NEW HAVEN",35,1.50%,DAVITA
"CENTRAL CT DIALYSIS CENTER",72508,MERIDEN,81,0.00%,"FRESENIUS MEDICAL CARE"
"EAST HARTFORD DIALYSIS CENTER",72509,"EAST HARTFORD",52,0.50%,"FRESENIUS MEDICAL CARE"
"SHELTON DIALYSIS",72510,SHELTON,63,0.00%,DAVITA
"GREATER WATERBURY DAVITA DIALYSIS",72511,WATERBURY,67,0.00%,DAVITA
"ST. RAPHAEL DIALYSIS CENTER - NEW HAVEN",72512,"NEW HAVEN",51,0.50%,"FRESENIUS MEDICAL CARE"
"MILFORD DIALYSIS",72514,MILFORD,77,0.00%,DAVITA
"NEW LONDON DIALYSIS",72515,"NEW LONDON",72,0.00%,DAVITA
"HARTFORD DIALYSIS",72516,HARTFORD,65,0.00%,DAVITA
"BRANFORD DIALYSIS",72517,BRANFORD,65,0.00%,DAVITA
"PHYSICIANS DIALYSIS INC., - ROCKY HILL",72518,"ROCKY HILL",70,0.00%,DAVITA
"UCONN DIALYSIS CENTER",72519,FARMINGTON,48,1.00%,"DIALYSIS CLINIC, INC."
"NORWICH DIALYSIS",72520,NORWICH,75,0.00%,DAVITA
"SOUTH NORWALK DIALYSIS",72521,NORWALK,74,0.00%,DAVITA
"SHORELINE DIALYSIS CENTER",72522,BRANFORD,54,0.50%,"FRESENIUS MEDICAL CARE"
"TORRINGTON DIALYSIS",72523,TORRINGTON,75,0.00%,DAVITA
"MIDDLESEX DIALYSIS CENTER, LLC.",72524,MIDDLETOWN,78,0.00%,DAVITA
"FMC DIALYSIS SERVICES FORESTVILLE",72527,BRISTOL,56,0.50%,"FRESENIUS MEDICAL CARE"
"BLOOMFIELD DIALYSIS",72528,BLOOMFIELD,69,0.00%,DAVITA
"VERNON DIALYSIS CENTER",72529,"VERNON ROCKVILLE",69,0.00%,DAVITA
"WINDHAM DIALYSIS CENTER",72530,"NORTH WINDHAM",85,0.00%,DAVITA
"U.S.RENAL CARE NORTH HAVEN DIALYSIS",72532,"NORTH HAVEN",67,0.00%,"DIVERSIFIED SPECIALTY INSTITUTES (DSI)"
"DAVITA WATERBURY HEIGHTS DIALYSIS",72533,WATERBURY,74,0.00%,DAVITA
"FRESENIUS MEDICAL CARE OF SOUTHINGTON",72534,PLANTSVILLE,70,0.00%,"FRESENIUS MEDICAL CARE"
"BLACK ROCK DIALYSIS",72535,FAIRFIELD,73,0.00%,DAVITA
"FRESENIUS MEDICAL CARE OF FAIRFIELD",72536,FAIRFIELD,52,0.50%,"FRESENIUS MEDICAL CARE"
"NORTH HAVEN DIALYSIS CENTER",72537,"NORTH HAVEN",69,0.00%,"FRESENIUS MEDICAL CARE"
"MANCHESTER DIALYSIS CENTER",72538,MANCHESTER,52,0.50%,"DIALYSIS CLINIC, INC."
"U.S.RENAL CARE ORANGE DIALYSIS",72539,ORANGE,60,0.00%,"DIVERSIFIED SPECIALTY INSTITUTES (DSI)"
"FMC OF WESTERN HARTFORD",72540,BLOOMFIELD,71,0.00%,"FRESENIUS MEDICAL CARE"
"WILLARD AVENUE DIALYSIS",72541,NEWINGTON,75,0.00%,DAVITA
"COMPREHENSIVE DIALYSIS CARE LLC",72542,MERIDEN,84,0.00%,"AMERICAN RENAL ASSOCIATES"
"HAMDEN DIALYSIS",72543,HAMDEN,62,0.00%,DAVITA
"DANBURY DIALYSIS CENTER",72544,DANBURY,69,0.00%,DAVITA
"FARMINGTON DIALYSIS",72545,FARMINGTON,73,0.00%,DAVITA
"U.S.RENAL CARE BRANFORD DIALYSIS",72546,BRANFORD,63,0.00%,"DIVERSIFIED SPECIALTY INSTITUTES (DSI)"
"PALOMBA DRIVE DIALYSIS",72547,ENFIELD,83,0.00%,DAVITA
"HOUSATONIC DIALYSIS",72548,NEWTOWN,79,0.00%,DAVITA
"WALLINGFORD DIALYSIS CARE LLC",72549,WALLINGFORD,75,0.00%,"AMERICAN RENAL ASSOCIATES"
"FRESENIUS MEDICAL CARE WINDSOR",72550,WINDSOR,48,1.00%,"FRESENIUS MEDICAL CARE"
"HERALD SQUARE DIALYSIS LLC",72551,"NEW BRITAIN",62,0.00%,"NOT A CHAIN"
"TOTAL RENAL CARE INC",72552,NORWALK,69,0.00%,"NOT A CHAIN"
"CHRISTIANA CARE HEALTH SYSTEM",82300,NEWARK,46,1.00%,"NOT A CHAIN"
"ALFRED I. DUPONT HOSPITAL FOR CHILDREN DIALYSIS CENTER",82302,WILMINGTON,50,0.50%,"NOT A CHAIN"
"FRESENIUS KIDNEY CARE - BRANDYWINE",82501,WILMINGTON,68,0.00%,"FRESENIUS MEDICAL CARE"
"FRESENIUS KIDNEY CARE - CENTRAL DELAWARE",82502,DOVER,47,1.00%,"FRESENIUS MEDICAL CARE"
"FRESENIUS KIDNEY CARE - MID SUSSEX COUNTY",82503,GEORGETOWN,73,0.00%,"FRESENIUS MEDICAL CARE"
"FRESENIUS KIDNEY CARE - RIVERSIDE PARK",82505,WILMINGTON,77,0.00%,"FRESENIUS MEDICAL CARE"
"FRESENIUS KIDNEY CARE - CHRISTIANA",82506,NEWARK,57,0.50%,"FRESENIUS MEDICAL CARE"
"FRESENIUS KIDNEY CARE - MILFORD",82507,MILFORD,51,0.50%,"FRESENIUS MEDICAL CARE"
"FRESENIUS KIDNEY CARE - FIRST STATE",82509,"NEW CASTLE",59,0.00%,"FRESENIUS MEDICAL CARE"
"FRESENIUS KIDNEY CARE - REHOBOTH",82510,"REHOBOTH BEACH",91,0.00%,"FRESENIUS MEDICAL CARE"
"FRESENIUS KIDNEY CARE - WILMINGTON",82511,WILMINGTON,61,0.00%,"FRESENIUS MEDICAL CARE"
"FRESENIUS KIDNEY CARE - SMYRNA",82512,SMYRNA,63,0.00%,"FRESENIUS MEDICAL CARE"
"FRESENIUS KIDNEY CARE - NEWPORT PIKE",82513,WILMINGTON,69,0.00%,"FRESENIUS MEDICAL CARE"
"FRESENIUS KIDNEY CARE - MIDDLETOWN",82514,MIDDLETOWN,74,0.00%,"FRESENIUS MEDICAL CARE"
"FRESENIUS KIDNEY CARE - GREENTREE",82515,DOVER,45,1.00%,"FRESENIUS MEDICAL CARE"
"FRESENIUS KIDNEY CARE - NORTH WILMINGTON",82516,WILMINGTON,85,0.00%,"FRESENIUS MEDICAL CARE"
"LIBERTY DIALYSIS - WILMINGTON",82517,WILMINGTON,67,0.00%,"US RENAL CARE, INC."
"DSI SEAFORD",82518,SEAFORD,66,0.00%,"US RENAL CARE, INC."
"FRESENIUS KIDNEY CARE - MILLSBORO",82519,MILLSBORO,93,0.00%,"FRESENIUS MEDICAL CARE"
"FRESENIUS KIDNEY CARE - BRANDYWINE HOME THERAPIES",82520,NEWARK,67,0.00%,"FRESENIUS MEDICAL CARE"
"FRESENIUS KIDNEY CARE - FOX RUN",82521,BEAR,69,0.00%,"FRESENIUS MEDICAL CARE"
"AMERICAN UNIVERSAL LLC",82522,NEWARK,51,0.50%,"AMERICAN RENAL ASSOCIATES"
"AMERICAN UNIVERSAL - HOCKESSIN",82523,HOCKESSIN,61,0.00%,"AMERICAN RENAL ASSOCIATES"
"DSI LAUREL DIALYSIS, LLC",82524,LAUREL,61,0.00%,"US RENAL CARE, INC."
"FRESENIUS MEDICAL CARE NORTHERN DELAWARE, LLC.",82525,HOCKESSIN,74,0.00%,"FRESENIUS MEDICAL CARE"
"FRESENIUS MEDICAL CARE SOUTHERN DELAWARE, LLC",82526,DOVER,43,1.00%,"FRESENIUS MEDICAL CARE"
"FRESENIUS MEDICAL CARE SOUTHERN DELAWARE, LLC",82527,BRIDGEVILLE,75,0.00%,"FRESENIUS MEDICAL CARE"
"FRESENIUS MEDICAL CARE SOUTHERN DELAWARE, LLC",82528,DOVER,48,1.00%,"FRESENIUS MEDICAL CARE"
"CHILDRENS NATIONAL MEDICAL CENTER",92305,WASHINGTON,47,1.00%,"NOT A CHAIN"
"BMA - DUPONT CIRCLE",92501,WASHINGTON,77,0.00%,"FRESENIUS MEDICAL CARE"
"BMA - COLUMBIA HEIGHTS",92503,WASHINGTON,57,0.50%,"FRESENIUS MEDICAL CARE"
"GREATER SOUTHEAST COMMUNITY DIALYSIS CENTER",92505,WASHINGTON,61,0.00%,"FRESENIUS MEDICAL CARE"
"FMC - ANACOSTIA",92508,WASHINGTON,55,0.50%,"FRESENIUS MEDICAL CARE"
"DAVITA - LEE STREET DIALYSIS",92510,WASHINGTON,51,0.50%,DAVITA
"DAVITA - EIGHTH STREET",92513,WASHINGTON,51,0.50%,DAVITA
"BMA - NORTHEAST WASHINGTON",92515,WASHINGTON,60,0.00%,"FRESENIUS MEDICAL CARE"
"DAVITA GEORGETOWN HOME TRAINING",92516,WASHINGTON,49,0.50%,DAVITA
"DAVITA - GWU SE",92517,WASHINGTON,63,0.00%,DAVITA
"DAVITA - K STREET DIALYSIS",92518,WASHINGTON,56,0.50%,DAVITA
"DAVITA - BRENTWOOD",92519,WASHINGTON,53,0.50%,DAVITA
"UNION PLAZA DIALYSIS CENTER",92520,WASHINGTON,48,1.00%,DAVITA
"CAPITOL DIALYSIS",92521,WASHINGTON,55,0.50%,"AMERICAN RENAL ASSOCIATES"
"GRANT PARK DIALYSIS FACILITY",92522,WASHINGTON,68,0.00%,DAVITA
"WASHINGTON NURSING DIALYSIS",92524,WASHINGTON,61,0.00%,DAVITA
"INTERNATIONAL DIALYSIS CENTER LLC",92525,WASHINGTON,76,0.00%,DAVITA
"KAISER HEALTH PLAN OF THE MID-ATLANTIC STATES",92526,WASHINGTON,18,2.00%,"KAISER PERMANENTE"
"RAI - CHILLUM-WASHINGTON",92527,WASHINGTON,62,0.00%,"FRESENIUS MEDICAL CARE"
"HOWARD UNIVERSITY DIALYSIS CENTER, LLC",92528,WASHINGTON,71,0.00%,"AMERICAN RENAL ASSOCIATES"
"RAI CARE CENTERS OF SOUTHEAST DC LLC",92529,WASHINGTON,67,0.00%,"FRESENIUS MEDICAL CARE"
"SHANDS JACKSONVILLE - ESRD",102300,JACKSONVILLE,38,1.50%,"NOT A CHAIN"
"FLORIDA HOSPITAL ESRD",102302,ORLANDO,16,2.00%,"NOT A CHAIN"
"SAINT MARYS HOSPITAL DIALYSIS UNIT",102303,"WEST PALM BEACH",36,1.50%,"NOT A CHAIN"
"JACKSON MEMORIAL HOSP DIALYSIS PEDIATRIC",102304,MIAMI,51,0.50%,"NOT A CHAIN"
"TAMPA GENERAL HOSPITAL ESRD",102314,TAMPA,64,0.00%,"NOT A CHAIN"
"JOHNS HOPKINS ALL CHILDREN'S HOSPITAL DIALYSIS",102328,"SAINT PETERSBURG",92,0.00%,"NOT A CHAIN"
"BAPTIST MEDICAL CENTER - PEDIATRIC DIALYSIS",102330,JACKSONVILLE,22,2.00%,"NOT A CHAIN"
"MIAMI CHILDRENS HOSP DIALYSIS UNIT",102336,MIAMI,41,1.00%,"NOT A CHAIN"
"FMC - PENSACOLA",102501,PENSACOLA,49,0.50%,"FRESENIUS MEDICAL CARE"
"FMC - SOUTH MIAMI",102502,MIAMI,48,1.00%,"FRESENIUS MEDICAL CARE"
"DADE DIALYSIS CENTER",102503,MIAMI,68,0.00%,"FRESENIUS MEDICAL CARE"
"SOUTH BROWARD ARTIFICIAL KIDNEY CTR",102504,HOLLYWOOD,56,0.50%,DAVITA
"CENTRAL FLORIDA KIDNEY CENTERS INC",102505,ORLANDO,31,1.50%,"CENTRAL FLORIDA KIDNEY CENTERS"
"BMA - TAMPA",102506,TAMPA,25,2.00%,"FRESENIUS MEDICAL CARE"
"DIALYSIS ASSOC OF THE PALM BEACHES",102510,"WEST PALM BEACH",58,0.50%,DAVITA
"ORLANDO ARTIFICIAL KIDNEY CENTER",102511,"ALTAMONTE SPRINGS",48,1.00%,"FRESENIUS MEDICAL CARE"
"BMA - GAINESVILLE",102512,GAINESVILLE,71,0.00%,"FRESENIUS MEDICAL CARE"
"FORT MYERS DIALYSIS",102513,"FORT MYERS",41,1.00%,DAVITA
"PANAMA CITY DIALYSIS CENTER",102514,"PANAMA CITY",74,0.00%,DAVITA
"MELBOURNE KIDNEY CENTER",102517,MELBOURNE,40,1.00%,"MELBOURNE KIDNEY CENTERS"
"WEST FLORIDA DIALYSIS",102518,PENSACOLA,49,0.50%,DAVITA
"FMC - PINELLAS PARK",102519,"PINELLAS PARK",58,0.50%,"FRESENIUS MEDICAL CARE"
"BOCA RATON ARTIFICIAL KIDNEY CENTER",102520,"BOCA RATON",63,0.00%,DAVITA
"DAYTONA BEACH DIALYSIS",102521,"DAYTONA BEACH",59,0.00%,DAVITA
"BMA - KENDALL",102522,MIAMI,58,0.50%,"FRESENIUS MEDICAL CARE"
"LAKELAND DIALYSIS",102524,LAKELAND,51,0.50%,DAVITA
"TREASURE COAST KIDNEY CENTER NORTH",102525,STUART,58,0.50%,"FRESENIUS MEDICAL CARE"
"JUPITER KIDNEY CENTER LLC",102527,JUPITER,68,0.00%,"AMERICAN RENAL ASSOCIATES"
"RAI CARE CENTERS - CLEARWATER",102528,CLEARWATER,66,0.00%,"FRESENIUS MEDICAL CARE"
"PHYSICIANS DIALYSIS TRINITY",102529,TRINITY,49,0.50%,"NOT A CHAIN"
"BMA - HIALEAH",102530,HIALEAH,61,0.00%,"FRESENIUS MEDICAL CARE"
"DIALYSIS CLINIC INC",102531,JACKSONVILLE,36,1.50%,"DIALYSIS CLINIC, INC."
"INTERAMERICAN DIALYSIS CENTER",102532,MIAMI,67,0.00%,DAVITA
"NAPLES ARTIFICIAL KIDNEY CENTER",102534,NAPLES,72,0.00%,"FRESENIUS MEDICAL CARE"
"PLANTATION  DIALYSIS - PLANTATION",102536,PLANTATION,59,0.00%,DAVITA
"BRADENTON ARTIFICIAL KIDNEY CENTER",102538,BRADENTON,31,1.50%,"FRESENIUS MEDICAL CARE"
"BMA - CLEARWATER",102542,CLEARWATER,60,0.00%,"FRESENIUS MEDICAL CARE"
"KEY WEST DIALYSIS",102543,"KEY WEST",82,0.00%,DAVITA
"NW BROWARD ARTIFICIAL KIDNEY CENTER",102544,MARGATE,61,0.00%,"FRESENIUS MEDICAL CARE"
"WINTER HAVEN DIALYSIS",102545,"WINTER HAVEN",46,1.00%,DAVITA
"FMC - SANFORD",102546,SANFORD,55,0.50%,"FRESENIUS MEDICAL CARE"
"FMC - SOUTH SAINT PETERSBURG",102547,"SAINT PETERSBURG",71,0.00%,"FRESENIUS MEDICAL CARE"
"BMA - LAKE CITY",102548,"LAKE CITY",56,0.50%,"FRESENIUS MEDICAL CARE"
"PORT CHARLOTTE ARTIFICIAL KIDNEY CT",102549,"PORT CHARLOTTE",63,0.00%,DAVITA
"RTC - LEESBURG",102551,LEESBURG,56,0.50%,DAVITA
"RAI-S COURTENAY-MERRITT ISLAND",102553,"MERRITT ISLAND",53,0.50%,"FRESENIUS MEDICAL CARE"
"PLANT CITY DIALYSIS",102554,"PLANT CITY",50,0.50%,DAVITA
"BROWARD DIALYSIS",102555,"FORT LAUDERDALE",38,1.50%,DAVITA
"FMC DIALYSIS SERVICES - SAINT AUGUSTINE",102557,"SAINT AUGUSTINE",67,0.00%,"FRESENIUS MEDICAL CARE"
"PHYSICIANS NORTH BEACH",102558,MIAMI,43,1.00%,"NOT A CHAIN"
"FLORIDA KIDNEY CENTER",102559,LAUDERHILL,52,0.50%,"FRESENIUS MEDICAL CARE"
"BAYONET POINT - HUDSON KIDNEY CTR",102563,HUDSON,57,0.50%,DAVITA
"RENAL CARE CENTER - SEBRING",102564,SEBRING,62,0.00%,"FRESENIUS MEDICAL CARE"
"HOMESTEAD ARTIFICIAL KIDNEY CENTER",102565,HOMESTEAD,58,0.50%,"FRESENIUS MEDICAL CARE"
"BMA - METROPOLITAN MIAMI",102566,MIAMI,64,0.00%,"FRESENIUS MEDICAL CARE"
"KISSIMMEE DIALYSIS",102569,KISSIMMEE,53,0.50%,DAVITA
"BELLE GLADE DIALYSIS CENTER",102571,"BELLE GLADE",55,0.50%,"AMERICAN RENAL ASSOCIATES"
"DELAND DIALYSIS",102573,DELAND,65,0.00%,DAVITA
"RAI CARE CENTERS - FORT PIERCE",102574,"FORT PIERCE",40,1.00%,"FRESENIUS MEDICAL CARE"
"FRESENIUS KIDNEY CARE LAKELAND",102576,LAKELAND,29,1.50%,"NOT A CHAIN"
"CORAL GABLES KIDNEY CENTER",102578,MIAMI,58,0.50%,DAVITA
"INVERNESS DIALYSIS CENTER",102579,INVERNESS,38,1.50%,"FRESENIUS MEDICAL CARE"
"SEMINOLE DIALYSIS CENTER",102581,SEMINOLE,55,0.50%,"NOT A CHAIN"
"WEST BOCA DIALYSIS CENTER",102582,"BOCA RATON",55,0.50%,"FRESENIUS MEDICAL CARE"
"CENTER FOR KIDNEY DISEASE",102583,MIAMI,59,0.00%,DAVITA
"BRANDON ARTIFICIAL KIDNEY CENTER",102584,BRANDON,52,0.50%,"FRESENIUS MEDICAL CARE"
"CENTRAL FLORIDA KIDNEY CENTER - VINELAND",102585,ORLANDO,28,2.00%,"CENTRAL FLORIDA KIDNEY CENTERS"
"GREATER MIAMI DIALYSIS",102586,MIAMI,46,1.00%,DAVITA
"R & S HEALTH GROUP LLC",102587,"FORT LAUDERDALE",21,2.00%,"NOT A CHAIN"
"NEW PORT RICHEY KIDNEY CENTER",102590,"PORT RICHEY",61,0.00%,DAVITA
"NORTHEAST FLORIDA DIALYSIS CENTER",102591,"ORANGE PARK",74,0.00%,"AMERICAN RENAL ASSOCIATES"
"APOPKA ARTIFICIAL KIDNEY CENTER",102592,APOPKA,50,0.50%,"FRESENIUS MEDICAL CARE"
"ZEPHYRHILLS DIALYSIS",102593,ZEPHYRHILLS,64,0.00%,DAVITA
"RENAL CARE CENTER - WELLINGTON",102594,"LAKE WORTH",66,0.00%,"FRESENIUS MEDICAL CARE"
"WEST KENDALL DIALYSIS CENTER",102595,MIAMI,75,0.00%,"FRESENIUS MEDICAL CARE"
"US RENAL CARE SARASOTA",102596,SARASOTA,63,0.00%,"DIVERSIFIED SPECIALTY INSTITUTES (DSI)"
"RENAL CARE CENTER - VERO BEACH",102597,"VERO BEACH",50,0.50%,"FRESENIUS MEDICAL CARE"
"RAI-US 19 NORTH-CLEARWATER",102598,CLEARWATER,64,0.00%,"FRESENIUS MEDICAL CARE"
"HALLANDALE DIALYSIS",102601,HOLLYWOOD,72,0.00%,DAVITA
"HERNANDO KIDNEY CENTER",102602,"SPRING HILL",55,0.50%,DAVITA
"RAI CARE CENTERS - PORT SAINT LUCIE",102603,"PORT SAINT LUCIE",41,1.00%,"FRESENIUS MEDICAL CARE"
"RAI 9TH STREET NORTH - ST PETERSBURG",102604,"SAINT PETERSBURG",53,0.50%,"FRESENIUS MEDICAL CARE"
"CENTRAL TAMPA DIALYSIS",102605,TAMPA,55,0.50%,DAVITA
"BMA - PORT SAINT LUCIE",102609,"PORT SAINT LUCIE",45,1.00%,"FRESENIUS MEDICAL CARE"
"FMC DIALYSIS SERVICES - NORTH JACKSONVILLE",102610,JACKSONVILLE,39,1.00%,"FRESENIUS MEDICAL CARE"
"BMA - JACKSONVILLE",102612,JACKSONVILLE,28,2.00%,"FRESENIUS MEDICAL CARE"
"BMA - GAINESVILLE EAST",102613,GAINESVILLE,37,1.50%,"FRESENIUS MEDICAL CARE"
"DAYTONA SOUTH DIALYSIS",102614,"DAYTONA BEACH",46,1.00%,DAVITA
"POMPANO BEACH ARTIFICIAL KIDNEY CENTER",102615,"POMPANO BEACH",44,1.00%,DAVITA
"DELTONA DIALYSIS",102616,DELTONA,40,1.00%,DAVITA
"SANDS DIALYSIS LLC",102617,"DELRAY BEACH",39,1.00%,DAVITA
"LEHIGH ACRES DIALYSIS",102618,"LEHIGH ACRES",72,0.00%,DAVITA
"FMC - EAST ORLANDO",102619,ORLANDO,55,0.50%,"FRESENIUS MEDICAL CARE"
"ORLANDO DIALYSIS",102623,ORLANDO,46,1.00%,DAVITA
"TALLAHASSEE DIALYSIS",102624,TALLAHASSEE,60,0.00%,DAVITA
"BARTOW DIALYSIS",102626,BARTOW,38,1.50%,DAVITA
"QUINCY DIALYSIS",102627,QUINCY,48,1.00%,DAVITA
"GULF COAST DIALYSIS INC.",102628,"PORT CHARLOTTE",87,0.00%,DAVITA
"FMC - TAMARAC",102629,TAMARAC,48,1.00%,"FRESENIUS MEDICAL CARE"
"VENTURE DIALYSIS CENTER",102630,"NORTH MIAMI BEACH",56,0.50%,DAVITA
"TAMARAC ARTIFICIAL KIDNEY CENTER",102632,TAMARAC,54,0.50%,DAVITA
"NORTH PALM BEACH DIALYSIS CENTER",102634,"PALM BEACH GARDENS",31,1.50%,DAVITA
"MT DORA DIALYSIS",102635,"MOUNT DORA",67,0.00%,DAVITA
"USF DIALYSIS CENTER",102636,TAMPA,33,1.50%,DAVITA
"LAKE WORTH DIALYSIS",102637,"WEST PALM BEACH",42,1.00%,DAVITA
"ORMOND BEACH DIALYSIS",102638,"ORMOND BEACH",67,0.00%,DAVITA
"OCOEE DIALYSIS",102639,OCOEE,56,0.50%,DAVITA
"SUN CITY CENTER DIALYSIS",102642,RUSKIN,51,0.50%,DAVITA
"COMPLETE DIALYSIS CARE",102645,"CORAL SPRINGS",52,0.50%,DAVITA
"BRADENTON DIALYSIS",102646,BRADENTON,46,1.00%,DAVITA
"PEMBROKE PINES DIALYSIS",102647,"PEMBROKE PINES",61,0.00%,DAVITA
"MIAMI LAKES ARTIFICIAL KIDNEY CTR",102648,"MIAMI LAKES",65,0.00%,DAVITA
"DIALYSIS CLINIC INC OF SOUTHPOINT",102649,JACKSONVILLE,51,0.50%,"DIALYSIS CLINIC, INC."
